{"type": "FeatureCollection", "metadata": {"generated_at": "2026-07-31T21:12:53.614586+00:00", "total_facilities": 207, "municipalities": ["'s-Gravenhage", "'s-Hertogenbosch", "Alkmaar", "Almere", "Amersfoort", "Amsterdam", "Apeldoorn", "Arnhem", "Assen", "Bergen op Zoom", "Boxtel", "Breda", "De Ronde Venen", "Delft", "Den Haag", "Deventer", "Diemen", "Doetinchem", "Dordrecht", "Echt-Susteren", "Ede", "Eindhoven", "Enschede", "Gooise Meren", "Gorinchem", "Groningen", "Haarlemmermeer", "Harderwijk", "Heemstede", "Heerlen", "Helmond", "Hengelo", "Hoorn", "Leeuwarden", "Leidschendam-Voorburg", "Lochem", "Maastricht", "Meerssen", "Middelburg", "Nijmegen", "Noordwijk", "Oisterwijk", "Ouder-Amstel", "Roermond", "Roosendaal", "Rotterdam", "Schiedam", "Stichtse Vecht", "Teylingen", "Tilburg", "Utrecht", "Valkenburg", "Valkenburg aan de Geul", "Veenendaal", "Venlo", "Vlaardingen", "West Betuwe", "Woerden", "Zaanstad", "Zutphen", "Zwijndrecht", "Zwolle"], "municipality_counts": {"'s-Gravenhage": 2, "'s-Hertogenbosch": 9, "Alkmaar": 3, "Almere": 12, "Amersfoort": 1, "Amsterdam": 28, "Apeldoorn": 6, "Arnhem": 2, "Assen": 1, "Bergen op Zoom": 1, "Boxtel": 1, "Breda": 2, "De Ronde Venen": 1, "Delft": 10, "Den Haag": 5, "Deventer": 3, "Diemen": 1, "Doetinchem": 1, "Dordrecht": 3, "Echt-Susteren": 3, "Ede": 2, "Eindhoven": 1, "Enschede": 4, "Gooise Meren": 1, "Gorinchem": 1, "Groningen": 1, "Haarlemmermeer": 1, "Harderwijk": 3, "Heemstede": 1, "Heerlen": 2, "Helmond": 1, "Hengelo": 1, "Hoorn": 6, "Leeuwarden": 5, "Leidschendam-Voorburg": 1, "Lochem": 1, "Maastricht": 6, "Meerssen": 2, "Middelburg": 1, "Nijmegen": 9, "Noordwijk": 2, "Oisterwijk": 1, "Ouder-Amstel": 1, "Roermond": 2, "Roosendaal": 5, "Rotterdam": 18, "Schiedam": 3, "Stichtse Vecht": 1, "Teylingen": 1, "Tilburg": 1, "Utrecht": 7, "Valkenburg": 1, "Valkenburg aan de Geul": 1, "Veenendaal": 3, "Venlo": 1, "Vlaardingen": 1, "West Betuwe": 1, "Woerden": 2, "Zaanstad": 1, "Zutphen": 1, "Zwijndrecht": 1, "Zwolle": 7}}, "features": [{"type": "Feature", "geometry": {"type": "Point", "coordinates": [5.21748, 52.36976]}, "properties": {"uuid": "7895429d-3cda-4b0a-ad1e-321d0675a377", "name": "P09 Krakelinggarage", "municipality": "Almere", "operator": "Almere", "street": "Krakeling", "houseNumber": "2", "zipcode": "", "city": "Almere", "province": "", "capacity": 226, "vacantSpaces": 184, "occupancyPercent": 18.6, "open": true, "full": false, "lastUpdated": 1785532290, "minimumHeightInMeters": 2.0, "chargingPointCapacity": 2, "disabledAccess": false, "usage": "Garage parkeren"}}, {"type": "Feature", "geometry": {"type": "Point", "coordinates": [5.22076, 52.3743]}, "properties": {"uuid": "e4f778ec-4db9-474a-af7a-520ea373912f", "name": "P02 Metropolegarage", "municipality": "Almere", "operator": "Almere", "street": "Regisseurstraat", "houseNumber": "3", "zipcode": "1315LT", "city": "Almere", "province": "", "capacity": 340, "vacantSpaces": 288, "occupancyPercent": 15.3, "open": true, "full": false, "lastUpdated": 1785532290, "minimumHeightInMeters": 1.9, "chargingPointCapacity": 2, "disabledAccess": false, "usage": "Garage parkeren"}}, {"type": "Feature", "geometry": {"type": "Point", "coordinates": [5.216889, 52.37182]}, "properties": {"uuid": "9b8087f3-3cbf-4a68-8869-828ce3ea6b51", "name": "P10 Muntgarage", "municipality": "Almere", "operator": "Almere", "street": "Muntmeesterhof", "houseNumber": "2", "zipcode": "1315HL", "city": "Almere", "province": "", "capacity": 385, "vacantSpaces": 281, "occupancyPercent": 27.0, "open": true, "full": false, "lastUpdated": 1785532290, "minimumHeightInMeters": 0.0, "chargingPointCapacity": 2, "disabledAccess": false, "usage": "Garage parkeren"}}, {"type": "Feature", "geometry": {"type": "Point", "coordinates": [5.221109, 52.373554]}, "properties": {"uuid": "f914b954-5e4c-4b25-859f-d775e4c473f5", "name": "P03 Regisseurgarage", "municipality": "Almere", "operator": "Almere", "street": "Regisseurstraat", "houseNumber": "7", "zipcode": "1315LT", "city": "Almere", "province": "", "capacity": 445, "vacantSpaces": 372, "occupancyPercent": 16.4, "open": true, "full": false, "lastUpdated": 1785532290, "minimumHeightInMeters": 1.9, "chargingPointCapacity": 2, "disabledAccess": false, "usage": "Garage parkeren"}}, {"type": "Feature", "geometry": {"type": "Point", "coordinates": [5.217752, 52.36866]}, "properties": {"uuid": "d08e3df2-ed0e-4fb8-b784-83429a65d4c2", "name": "P07 Schippergarage", "municipality": "Almere", "operator": "Almere", "street": "Brouwersstraat", "houseNumber": "3", "zipcode": "1315BL", "city": "Almere", "province": "Flevoland", "capacity": 400, "vacantSpaces": 223, "occupancyPercent": 44.2, "open": true, "full": false, "lastUpdated": 1785532290, "minimumHeightInMeters": 2.0, "chargingPointCapacity": 2, "disabledAccess": false, "usage": "Garage parkeren"}}, {"type": "Feature", "geometry": {"type": "Point", "coordinates": [5.215195, 52.371147]}, "properties": {"uuid": "b8513bb2-460a-4f07-adee-66d1ae4ac909", "name": "P11 Leerlinggarage", "municipality": "Almere", "operator": "Almere", "street": "Leerlinghof", "houseNumber": "18", "zipcode": "1315GS", "city": "Almere", "province": "", "capacity": 98, "vacantSpaces": 54, "occupancyPercent": 44.9, "open": true, "full": false, "lastUpdated": 1785532290, "minimumHeightInMeters": 1.9, "chargingPointCapacity": 0, "disabledAccess": false, "usage": "Garage parkeren"}}, {"type": "Feature", "geometry": {"type": "Point", "coordinates": [5.797714, 53.197967]}, "properties": {"uuid": "14f1046d-1fda-4081-883b-d6a8a2ad937d", "name": "P-Klanderij", "municipality": "Leeuwarden", "operator": "Leeuwarden", "street": "Aan de Potmarge", "houseNumber": "0", "zipcode": "8933AB", "city": "Leeuwarden", "province": "", "capacity": 625, "vacantSpaces": 571, "occupancyPercent": 8.6, "open": false, "full": false, "lastUpdated": 1785532290, "minimumHeightInMeters": 2.0, "chargingPointCapacity": 0, "disabledAccess": false, "usage": "Garage parkeren"}}, {"type": "Feature", "geometry": {"type": "Point", "coordinates": [5.793889, 53.1993]}, "properties": {"uuid": "80d26cc5-1210-4bdf-beb4-0602f35bdccc", "name": "P-Zaailand", "municipality": "Leeuwarden", "operator": "Leeuwarden", "street": "Zaailand", "houseNumber": "5", "zipcode": "8911BL", "city": "Leeuwarden", "province": "", "capacity": 705, "vacantSpaces": 373, "occupancyPercent": 47.1, "open": true, "full": false, "lastUpdated": 1785532290, "minimumHeightInMeters": 2.1, "chargingPointCapacity": 0, "disabledAccess": false, "usage": "Garage parkeren"}}, {"type": "Feature", "geometry": {"type": "Point", "coordinates": [6.901198, 52.216916]}, "properties": {"uuid": "1a39c8e9-91f9-40d9-bdf3-ce1f6e438a14", "name": "Parkeergarage Van Heek", "municipality": "Enschede", "operator": "Enschede", "street": "Boulevard 1945", "houseNumber": "105", "zipcode": "7511AM", "city": "Enschede", "province": "Overijssel", "capacity": 1700, "vacantSpaces": 1464, "occupancyPercent": 13.9, "open": true, "full": false, "lastUpdated": "1751870873", "minimumHeightInMeters": 2.1, "chargingPointCapacity": 0, "disabledAccess": false, "usage": "Garage parkeren"}}, {"type": "Feature", "geometry": {"type": "Point", "coordinates": [6.091695, 52.503617]}, "properties": {"uuid": "a2bc4ea0-a218-4a59-a328-36fb8234402b", "name": "Parkeergarage Pas de Deux (Zwolle)", "municipality": "Zwolle", "operator": "Zwolle", "street": "Hanzelaan", "houseNumber": "0", "zipcode": "8017JJ", "city": "Zwolle", "province": "", "capacity": 195, "vacantSpaces": 73, "occupancyPercent": 62.6, "open": true, "full": false, "lastUpdated": "1751870878", "minimumHeightInMeters": 2.0, "chargingPointCapacity": 8, "disabledAccess": false, "usage": "Parkeren"}}, {"type": "Feature", "geometry": {"type": "Point", "coordinates": [5.802397, 53.205689]}, "properties": {"uuid": "a03c3613-6fed-4659-906f-17843c227622", "name": "P-Hoeksterend", "municipality": "Leeuwarden", "operator": "Leeuwarden", "street": "Hoeksterpad", "houseNumber": "3", "zipcode": "8911JV", "city": "Leeuwarden", "province": "Friesland", "capacity": 388, "vacantSpaces": 219, "occupancyPercent": 43.6, "open": false, "full": false, "lastUpdated": 1785532290, "minimumHeightInMeters": 2.1, "chargingPointCapacity": 0, "disabledAccess": false, "usage": "Garage parkeren"}}, {"type": "Feature", "geometry": {"type": "Point", "coordinates": [6.086261, 52.51436]}, "properties": {"uuid": "92649a4d-67f8-4148-abc5-82cc95dedba3", "name": "Parkeergarage Katwoldeplein (Zwolle)", "municipality": "Zwolle", "operator": "Zwolle", "street": "Katerdijk", "houseNumber": "2", "zipcode": "8011BT", "city": "Zwolle", "province": "", "capacity": 679, "vacantSpaces": 566, "occupancyPercent": 16.6, "open": true, "full": false, "lastUpdated": "1751870878", "minimumHeightInMeters": 2.1, "chargingPointCapacity": 30, "disabledAccess": false, "usage": "Parkeren"}}, {"type": "Feature", "geometry": {"type": "Point", "coordinates": [6.898074, 52.222013]}, "properties": {"uuid": "824a6cd5-acd4-4d88-893e-d38aa1fc5116", "name": "Parkeergarage Irene", "municipality": "Enschede", "operator": "Enschede", "street": "Van Lochemstraat", "houseNumber": "9", "zipcode": "7511EG", "city": "Enschede", "province": "Overijssel", "capacity": 475, "vacantSpaces": 413, "occupancyPercent": 13.1, "open": true, "full": false, "lastUpdated": "1751870873", "minimumHeightInMeters": 2.0, "chargingPointCapacity": 0, "disabledAccess": false, "usage": "Garage parkeren"}}, {"type": "Feature", "geometry": {"type": "Point", "coordinates": [6.14557389, 52.27763281]}, "properties": {"uuid": "32fbd12d-2b88-41df-9090-1d3962e1cfab", "name": "Zone 2", "municipality": "Deventer", "operator": "Deventer", "street": "", "houseNumber": "", "zipcode": "", "city": "", "province": "", "capacity": 26, "vacantSpaces": 13, "occupancyPercent": 50.0, "open": true, "full": false, "lastUpdated": 1785532260, "minimumHeightInMeters": null, "chargingPointCapacity": 0, "disabledAccess": false, "usage": "Betaald parkeren"}}, {"type": "Feature", "geometry": {"type": "Point", "coordinates": [6.094565, 52.507872]}, "properties": {"uuid": "809116db-8166-4d66-93d1-fc859f4449d8", "name": "Burgemeester van Roijensingel (Zwolle)", "municipality": "Zwolle", "operator": "Zwolle", "street": "Zuiderkerkstraat", "houseNumber": "8", "zipcode": "8011GG", "city": "Zwolle", "province": "", "capacity": 173, "vacantSpaces": 62, "occupancyPercent": 64.2, "open": true, "full": false, "lastUpdated": "1751870878", "minimumHeightInMeters": 0.0, "chargingPointCapacity": 2, "disabledAccess": false, "usage": "Parkeren"}}, {"type": "Feature", "geometry": {"type": "Point", "coordinates": [6.015765, 52.208285]}, "properties": {"uuid": "33ac0b4d-9a9d-4c39-85df-13293292f04b", "name": "afrit 24 Apeldoorn (A50)", "municipality": "Apeldoorn", "operator": "Apeldoorn", "street": "", "houseNumber": "", "zipcode": "", "city": "", "province": "", "capacity": 90, "vacantSpaces": 77, "occupancyPercent": 14.4, "open": true, "full": false, "lastUpdated": 1785532260, "minimumHeightInMeters": 0.0, "chargingPointCapacity": 0, "disabledAccess": false, "usage": "Carpoolparkeren"}}, {"type": "Feature", "geometry": {"type": "Point", "coordinates": [6.086367, 52.509209]}, "properties": {"uuid": "2d8e6321-7108-4763-ba53-5d107ff6e674", "name": "Parkeergarage Emmawijk - Dek (Zwolle)", "municipality": "Zwolle", "operator": "Zwolle", "street": "Emmawijk", "houseNumber": "15", "zipcode": "8025BK", "city": "Zwolle", "province": "", "capacity": 199, "vacantSpaces": 151, "occupancyPercent": 24.1, "open": true, "full": false, "lastUpdated": "1751870878", "minimumHeightInMeters": 2.0, "chargingPointCapacity": 2, "disabledAccess": false, "usage": "Garage parkeren"}}, {"type": "Feature", "geometry": {"type": "Point", "coordinates": [5.987443, 52.229216]}, "properties": {"uuid": "dacca715-2cf3-400f-96c3-367f32f994e9", "name": "Parkeergarage Anklaar", "municipality": "Apeldoorn", "operator": "Apeldoorn", "street": "Sluisoordlaan", "houseNumber": "115", "zipcode": "7323EK", "city": "Apeldoorn", "province": "", "capacity": 538, "vacantSpaces": 537, "occupancyPercent": 0.2, "open": true, "full": false, "lastUpdated": 1785532077, "minimumHeightInMeters": 2.1, "chargingPointCapacity": 15, "disabledAccess": true, "usage": "Garage parkeren"}}, {"type": "Feature", "geometry": {"type": "Point", "coordinates": [6.095621, 52.515666]}, "properties": {"uuid": "ff27bae8-ce05-40c6-8422-03da3bd7d9e1", "name": "Parkeergarage Noordereiland - Dek (Zwolle)", "municipality": "Zwolle", "operator": "Zwolle", "street": "Assiesstraat", "houseNumber": "126", "zipcode": "8011XV", "city": "Zwolle", "province": "Overijssel", "capacity": 670, "vacantSpaces": 553, "occupancyPercent": 17.5, "open": true, "full": false, "lastUpdated": "1751870878", "minimumHeightInMeters": 1.9, "chargingPointCapacity": 0, "disabledAccess": false, "usage": "Parkeren"}}, {"type": "Feature", "geometry": {"type": "Point", "coordinates": [6.097804, 52.501297]}, "properties": {"uuid": "8d632d4a-e8a0-4a18-8c6f-c9f84140464b", "name": "Parkeerterrein Hanzelaan (Zwolle)", "municipality": "Zwolle", "operator": "Zwolle", "street": "Hanzelaan", "houseNumber": "338", "zipcode": "8017JJ", "city": "Zwolle", "province": "", "capacity": 0, "vacantSpaces": 0, "occupancyPercent": null, "open": false, "full": true, "lastUpdated": "1750735072", "minimumHeightInMeters": 0.0, "chargingPointCapacity": 2, "disabledAccess": false, "usage": "Parkeren"}}, {"type": "Feature", "geometry": {"type": "Point", "coordinates": [6.088352, 52.503792]}, "properties": {"uuid": "9e43035c-6707-4b47-a263-d62f0c5d5f84", "name": "Parkeergarage L\u00fcbeckplein (Zwolle)", "municipality": "Zwolle", "operator": "Zwolle", "street": "Hanzelaan", "houseNumber": "242", "zipcode": "", "city": "Zwolle", "province": "", "capacity": 355, "vacantSpaces": 171, "occupancyPercent": 51.8, "open": true, "full": false, "lastUpdated": "1751870878", "minimumHeightInMeters": 2.0, "chargingPointCapacity": 4, "disabledAccess": false, "usage": "Parkeren"}}, {"type": "Feature", "geometry": {"type": "Point", "coordinates": [5.906031, 51.979481]}, "properties": {"uuid": "45abe415-46d3-422f-9db5-4a783328e490", "name": "Garage Rozet (Arnhem)", "municipality": "Arnhem", "operator": "Arnhem", "street": "Langstraat", "houseNumber": "10", "zipcode": "6811JA", "city": "Arnhem", "province": "Gelderland", "capacity": 450, "vacantSpaces": 138, "occupancyPercent": 69.3, "open": true, "full": false, "lastUpdated": 1785532290, "minimumHeightInMeters": 2.0, "chargingPointCapacity": 0, "disabledAccess": false, "usage": "Garage parkeren"}}, {"type": "Feature", "geometry": {"type": "Point", "coordinates": [5.960266, 52.211131]}, "properties": {"uuid": "62075c53-5284-47d4-8909-3872721380d7", "name": "Parkeergarage Brinklaan (op werkdagen zijn 125 plaatsen gereserveerd)", "municipality": "Apeldoorn", "operator": "Apeldoorn", "street": "Brinklaan", "houseNumber": "165", "zipcode": "7311JM", "city": "Apeldoorn", "province": "", "capacity": 174, "vacantSpaces": 165, "occupancyPercent": 5.2, "open": true, "full": false, "lastUpdated": 1785532203, "minimumHeightInMeters": 2.2, "chargingPointCapacity": 4, "disabledAccess": true, "usage": "Parkeren"}}, {"type": "Feature", "geometry": {"type": "Point", "coordinates": [5.913364, 51.981698]}, "properties": {"uuid": "3e43afd2-aa12-4986-9927-73f883d30e55", "name": "Garage Musis (Arnhem)", "municipality": "Arnhem", "operator": "Arnhem", "street": "Velperbinnensingel", "houseNumber": "2", "zipcode": "6811BP", "city": "Arnhem", "province": "Gelderland", "capacity": 690, "vacantSpaces": 377, "occupancyPercent": 45.4, "open": true, "full": false, "lastUpdated": 1785532290, "minimumHeightInMeters": 2.0, "chargingPointCapacity": 0, "disabledAccess": false, "usage": "Garage parkeren"}}, {"type": "Feature", "geometry": {"type": "Point", "coordinates": [5.621518, 52.349953]}, "properties": {"uuid": "b2ef972b-d8e8-4044-9a58-2223dace7c87", "name": "Garage P11 Vuldersbrink (Harderwijk)", "municipality": "Harderwijk", "operator": "Harderwijk", "street": "Waltorenstraat", "houseNumber": "3", "zipcode": "3841KN", "city": "Harderwijk", "province": "Gelderland", "capacity": 81, "vacantSpaces": 24, "occupancyPercent": 70.4, "open": true, "full": false, "lastUpdated": 1785532291, "minimumHeightInMeters": 2.0, "chargingPointCapacity": 0, "disabledAccess": false, "usage": "Garage parkeren"}}, {"type": "Feature", "geometry": {"type": "Point", "coordinates": [5.861051, 51.881898]}, "properties": {"uuid": "0967d16d-061b-4f44-838d-36cec4be68b9", "name": "P+R Nijmegen-Noord (Nijmegen)", "municipality": "Nijmegen", "operator": "Nijmegen", "street": "Keizer Augustusplein", "houseNumber": "3", "zipcode": "6515AT", "city": "Nijmegen", "province": "Gelderland", "capacity": 390, "vacantSpaces": 191, "occupancyPercent": 51.0, "open": true, "full": false, "lastUpdated": 1785532007, "minimumHeightInMeters": 0.0, "chargingPointCapacity": 0, "disabledAccess": false, "usage": "P+R"}}, {"type": "Feature", "geometry": {"type": "Point", "coordinates": [5.617635, 52.347551]}, "properties": {"uuid": "1d38eb92-1cf6-453d-bb39-9a150145c52a", "name": "Terrein P17 Kloosterplein (Harderwijk)", "municipality": "Harderwijk", "operator": "Harderwijk", "street": "Klooster", "houseNumber": "1", "zipcode": "3841EN", "city": "Harderwijk", "province": "Gelderland", "capacity": 68, "vacantSpaces": 58, "occupancyPercent": 14.7, "open": true, "full": false, "lastUpdated": 1785532291, "minimumHeightInMeters": 0.0, "chargingPointCapacity": 0, "disabledAccess": false, "usage": "Terreinparkeren"}}, {"type": "Feature", "geometry": {"type": "Point", "coordinates": [5.861292, 51.823762]}, "properties": {"uuid": "8ac41951-5cb2-4c0d-a3af-8f2084bab917", "name": "RUNUMC Geert Grooteplein", "municipality": "Nijmegen", "operator": "Nijmegen", "street": "Geert Grooteplein-Zuid", "houseNumber": "10", "zipcode": "6525GA", "city": "Nijmegen", "province": "", "capacity": 677, "vacantSpaces": 633, "occupancyPercent": 6.5, "open": true, "full": false, "lastUpdated": 1785532261, "minimumHeightInMeters": 2.1, "chargingPointCapacity": 4, "disabledAccess": true, "usage": "Parkeren"}}, {"type": "Feature", "geometry": {"type": "Point", "coordinates": [6.28848, 51.96911]}, "properties": {"uuid": "63668753-8a52-4660-8b89-f2cd097bd994", "name": "Garage Amphion (Doetinchem)", "municipality": "Doetinchem", "operator": "Doetinchem", "street": "Hofstraat", "houseNumber": "161", "zipcode": "7001JD", "city": "Doetinchem", "province": "Gelderland", "capacity": 394, "vacantSpaces": 298, "occupancyPercent": 24.4, "open": true, "full": false, "lastUpdated": "1785532246", "minimumHeightInMeters": 2.1, "chargingPointCapacity": 0, "disabledAccess": true, "usage": "Garage parkeren"}}, {"type": "Feature", "geometry": {"type": "Point", "coordinates": [5.86656, 51.847434]}, "properties": {"uuid": "84af4dc6-992d-40dd-a6e1-a1900ea7961f", "name": "P6 Parkeergarage Eiermarkt", "municipality": "Nijmegen", "operator": "Nijmegen", "street": "Eiermarkt", "houseNumber": "20", "zipcode": "6511TP", "city": "Nijmegen", "province": "Gelderland", "capacity": 401, "vacantSpaces": 177, "occupancyPercent": 55.9, "open": true, "full": false, "lastUpdated": 1785532298, "minimumHeightInMeters": 1.9, "chargingPointCapacity": 4, "disabledAccess": false, "usage": "Garage parkeren"}}, {"type": "Feature", "geometry": {"type": "Point", "coordinates": [5.62334, 52.350905]}, "properties": {"uuid": "3fca9aca-4819-405f-9fa8-bcf5f0be4ed9", "name": "Terrein P9 Scheepssingel (Harderwijk)", "municipality": "Harderwijk", "operator": "Harderwijk", "street": "Scheepsingel", "houseNumber": "2", "zipcode": "3841KR", "city": "Harderwijk", "province": "Gelderland", "capacity": 95, "vacantSpaces": 47, "occupancyPercent": 50.5, "open": true, "full": false, "lastUpdated": 1785532291, "minimumHeightInMeters": 0.0, "chargingPointCapacity": 0, "disabledAccess": false, "usage": "Terreinparkeren"}}, {"type": "Feature", "geometry": {"type": "Point", "coordinates": [5.870647, 51.846208]}, "properties": {"uuid": "ffab40f6-4a10-41f2-9cc1-b9c2879d8c37", "name": "P3 Parkeergarage Kelfkensbos", "municipality": "Nijmegen", "operator": "Nijmegen", "street": "Kelfkensbos", "houseNumber": "45", "zipcode": "6511TB", "city": "Nijmegen", "province": "Gelderland", "capacity": 484, "vacantSpaces": 367, "occupancyPercent": 24.2, "open": true, "full": false, "lastUpdated": 1785532300, "minimumHeightInMeters": 1.9, "chargingPointCapacity": 4, "disabledAccess": false, "usage": "Garage parkeren"}}, {"type": "Feature", "geometry": {"type": "Point", "coordinates": [5.857522, 51.823721]}, "properties": {"uuid": "1bf6593d-13df-4403-8a50-9e0cf3060bc4", "name": "RUNUMC P3 vLeydenlaan/Descartesdreef", "municipality": "Nijmegen", "operator": "Nijmegen", "street": "Philips van Leijdenlaan", "houseNumber": "15", "zipcode": "6525GC", "city": "Nijmegen", "province": "", "capacity": 166, "vacantSpaces": 166, "occupancyPercent": 0.0, "open": true, "full": false, "lastUpdated": 1785531656, "minimumHeightInMeters": 0.0, "chargingPointCapacity": 0, "disabledAccess": true, "usage": "Parkeren"}}, {"type": "Feature", "geometry": {"type": "Point", "coordinates": [4.940788, 52.314024]}, "properties": {"uuid": "fcfb18e3-6c2f-46d4-a5df-49b8aa9cdf57", "name": "GAR055P01 Garage P1-Arena", "municipality": "Amsterdam", "operator": "Amsterdam", "street": "Burgemeester Stramanweg", "houseNumber": "130", "zipcode": "1101EP", "city": "Amsterdam", "province": "", "capacity": 1853, "vacantSpaces": 1592, "occupancyPercent": 14.1, "open": true, "full": false, "lastUpdated": 1785532319, "minimumHeightInMeters": 2.25, "chargingPointCapacity": 0, "disabledAccess": false, "usage": "Garage parkeren"}}, {"type": "Feature", "geometry": {"type": "Point", "coordinates": [4.892451, 52.369995]}, "properties": {"uuid": "16223a5c-6114-432d-98ab-5698d3c2d7cc", "name": "GAR061RKN Rokingarage", "municipality": "Amsterdam", "operator": "Amsterdam", "street": "Rokin", "houseNumber": "95", "zipcode": "1012KM", "city": "Amsterdam", "province": "", "capacity": 148, "vacantSpaces": 95, "occupancyPercent": 35.8, "open": true, "full": false, "lastUpdated": 1785532307, "minimumHeightInMeters": 2.0, "chargingPointCapacity": 0, "disabledAccess": false, "usage": "Garage parkeren"}}, {"type": "Feature", "geometry": {"type": "Point", "coordinates": [5.865949, 51.821915]}, "properties": {"uuid": "4297dbaa-661c-42d2-8d86-623af182bc74", "name": "RUNUMC P4 Reinier Postlaan", "municipality": "Nijmegen", "operator": "Nijmegen", "street": "Reinier Postlaan", "houseNumber": "4", "zipcode": "6525GC", "city": "Nijmegen", "province": "Gelderland", "capacity": 94, "vacantSpaces": 94, "occupancyPercent": 0.0, "open": true, "full": false, "lastUpdated": 1785531656, "minimumHeightInMeters": 1.1, "chargingPointCapacity": 0, "disabledAccess": true, "usage": "Parkeren"}}, {"type": "Feature", "geometry": {"type": "Point", "coordinates": [4.941235, 52.311676]}, "properties": {"uuid": "e0f088ad-f1ee-40c4-ae79-170aa0784dd9", "name": "Garage P5 Villa ArenA (Amsterdam)", "municipality": "Amsterdam", "operator": "Amsterdam", "street": "De Entree", "houseNumber": "7", "zipcode": "1101BH", "city": "Amsterdam", "province": "Noord-Holland", "capacity": 900, "vacantSpaces": 831, "occupancyPercent": 7.7, "open": true, "full": false, "lastUpdated": 1785532304, "minimumHeightInMeters": 2.0, "chargingPointCapacity": 0, "disabledAccess": false, "usage": "Garage parkeren"}}, {"type": "Feature", "geometry": {"type": "Point", "coordinates": [4.934017, 52.404695]}, "properties": {"uuid": "57f24936-b0fb-452f-8d95-337583a5ae4b", "name": "GAR042PRN P&R Noord", "municipality": "Amsterdam", "operator": "Amsterdam", "street": "Nieuwe Leeuwarderweg", "houseNumber": "25", "zipcode": "1022BP", "city": "Amsterdam", "province": "", "capacity": 409, "vacantSpaces": 170, "occupancyPercent": 58.4, "open": true, "full": false, "lastUpdated": 1785532303, "minimumHeightInMeters": 2.2, "chargingPointCapacity": 0, "disabledAccess": false, "usage": "Garage parkeren"}}, {"type": "Feature", "geometry": {"type": "Point", "coordinates": [4.967026, 52.345229]}, "properties": {"uuid": "40367d76-9ba1-4257-b954-f5f58edf144e", "name": "P+R Station Diemen (Diemen)", "municipality": "Diemen", "operator": "Diemen", "street": "Harmonielaan", "houseNumber": "0", "zipcode": "1111PD", "city": "Diemen", "province": "", "capacity": 112, "vacantSpaces": 31, "occupancyPercent": 72.3, "open": true, "full": false, "lastUpdated": 1785531981, "minimumHeightInMeters": 0.0, "chargingPointCapacity": 0, "disabledAccess": false, "usage": "P+R"}}, {"type": "Feature", "geometry": {"type": "Point", "coordinates": [4.890092, 52.339299]}, "properties": {"uuid": "0ab22af9-911d-4cfb-9ac5-6c327aa48be2", "name": "P+R RAI (Amsterdam)", "municipality": "Amsterdam", "operator": "Amsterdam", "street": "Europaplein", "houseNumber": "0", "zipcode": "1078GZ", "city": "Amsterdam", "province": "Noord-Holland", "capacity": 678, "vacantSpaces": 0, "occupancyPercent": 100.0, "open": false, "full": false, "lastUpdated": 1785532174, "minimumHeightInMeters": 1.9, "chargingPointCapacity": 0, "disabledAccess": false, "usage": "P+R"}}, {"type": "Feature", "geometry": {"type": "Point", "coordinates": [4.855038, 52.344565]}, "properties": {"uuid": "c783d164-e1ce-4782-9552-eac48b1b100d", "name": "P+R Olympisch Stadion (Amsterdam)", "municipality": "Amsterdam", "operator": "Amsterdam", "street": "Olympisch Stadion", "houseNumber": "44", "zipcode": "1076DE", "city": "Amsterdam", "province": "Noord-Holland", "capacity": 200, "vacantSpaces": 15, "occupancyPercent": 92.5, "open": true, "full": false, "lastUpdated": 1785532321, "minimumHeightInMeters": 2.1, "chargingPointCapacity": 0, "disabledAccess": false, "usage": "P+R"}}, {"type": "Feature", "geometry": {"type": "Point", "coordinates": [5.05253908, 52.644383]}, "properties": {"uuid": "d4ea4d81-730a-431e-8db7-fd1e6f903876", "name": "Straatparkeren Noorderveemarkt (Hoorn)", "municipality": "Hoorn", "operator": "Hoorn", "street": "", "houseNumber": "", "zipcode": "", "city": "", "province": "", "capacity": 99, "vacantSpaces": 99, "occupancyPercent": 0.0, "open": true, "full": false, "lastUpdated": 1785532290, "minimumHeightInMeters": null, "chargingPointCapacity": 0, "disabledAccess": false, "usage": "Betaald parkeren"}}, {"type": "Feature", "geometry": {"type": "Point", "coordinates": [5.0522364, 52.64252605]}, "properties": {"uuid": "9f6c9ac3-11e3-4370-a2f3-c03dce6a19ea", "name": "Straatparkeren Vale Hen (Hoorn)", "municipality": "Hoorn", "operator": "Hoorn", "street": "", "houseNumber": "", "zipcode": "", "city": "", "province": "", "capacity": 168, "vacantSpaces": 167, "occupancyPercent": 0.6, "open": true, "full": false, "lastUpdated": 1785532290, "minimumHeightInMeters": null, "chargingPointCapacity": 0, "disabledAccess": false, "usage": "Betaald parkeren"}}, {"type": "Feature", "geometry": {"type": "Point", "coordinates": [4.316002, 52.080416]}, "properties": {"uuid": "1b96b5df-841f-400b-ba2d-7cff51a41d02", "name": "Garage Pleingarage (Den Haag)", "municipality": "Den Haag", "operator": "'s-Gravenhage", "street": "Plein", "houseNumber": "25", "zipcode": "2511CS", "city": "Den Haag", "province": "Zuid-Holland", "capacity": 220, "vacantSpaces": 170, "occupancyPercent": 22.7, "open": true, "full": false, "lastUpdated": "1785532226", "minimumHeightInMeters": 1.9, "chargingPointCapacity": 0, "disabledAccess": false, "usage": "Garage parkeren"}}, {"type": "Feature", "geometry": {"type": "Point", "coordinates": [4.32029421, 52.07887467]}, "properties": {"uuid": "9bf549d0-916f-49e5-acd9-4083e2328056", "name": "Garage Turfmarkt (Den Haag)", "municipality": "'s-Gravenhage", "operator": "'s-Gravenhage", "street": "", "houseNumber": "", "zipcode": "", "city": "", "province": "", "capacity": null, "vacantSpaces": null, "occupancyPercent": null, "open": null, "full": null, "lastUpdated": null, "minimumHeightInMeters": null, "chargingPointCapacity": 0, "disabledAccess": false, "usage": "Garage parkeren"}}, {"type": "Feature", "geometry": {"type": "Point", "coordinates": [4.884537, 52.384982]}, "properties": {"uuid": "55fb619f-465f-4b1d-80d5-db613ae39e58", "name": "Garage Willemspoort", "municipality": "Amsterdam", "operator": "Amsterdam", "street": "Haarlemmer Houttuinen", "houseNumber": "549", "zipcode": "1013GM", "city": "Amsterdam", "province": "", "capacity": 165, "vacantSpaces": 37, "occupancyPercent": 77.6, "open": true, "full": false, "lastUpdated": 1785532327, "minimumHeightInMeters": 2.1, "chargingPointCapacity": 0, "disabledAccess": false, "usage": "Garage parkeren"}}, {"type": "Feature", "geometry": {"type": "Point", "coordinates": [4.363065, 52.008015]}, "properties": {"uuid": "333f3516-1869-43fc-a84a-24c2356049b9", "name": "Zuidpoortgarage (Delft)", "municipality": "Delft", "operator": "Delft", "street": "Zuidwal", "houseNumber": "14", "zipcode": "2611DD", "city": "Delft", "province": "Zuid-Holland", "capacity": 810, "vacantSpaces": 416, "occupancyPercent": 48.6, "open": true, "full": false, "lastUpdated": 1785532321, "minimumHeightInMeters": 2.05, "chargingPointCapacity": 4, "disabledAccess": false, "usage": "Garage parkeren"}}, {"type": "Feature", "geometry": {"type": "Point", "coordinates": [4.940788, 52.314024]}, "properties": {"uuid": "7035fbb3-74a2-43e9-b873-e8d7ddb03fd3", "name": "P+R ArenA (Amsterdam)", "municipality": "Amsterdam", "operator": "Amsterdam", "street": "Burgemeester Stramanweg", "houseNumber": "130", "zipcode": "1101EP", "city": "Amsterdam", "province": "Noord-Holland", "capacity": 1853, "vacantSpaces": 1592, "occupancyPercent": 14.1, "open": true, "full": false, "lastUpdated": 1785532322, "minimumHeightInMeters": 2.25, "chargingPointCapacity": 0, "disabledAccess": false, "usage": "P+R"}}, {"type": "Feature", "geometry": {"type": "Point", "coordinates": [4.861061, 52.3366]}, "properties": {"uuid": "4a9684bf-f532-4248-9f43-1334233dc5d5", "name": "P+R VUmc (Amsterdam)", "municipality": "Amsterdam", "operator": "Amsterdam", "street": "Gustav Mahlerlaan", "houseNumber": "3004", "zipcode": "1081LA", "city": "Amsterdam", "province": "Noord-Holland", "capacity": 449, "vacantSpaces": 420, "occupancyPercent": 6.5, "open": true, "full": false, "lastUpdated": 1785532329, "minimumHeightInMeters": 1.9, "chargingPointCapacity": 0, "disabledAccess": false, "usage": "P+R"}}, {"type": "Feature", "geometry": {"type": "Point", "coordinates": [4.365997, 52.014289]}, "properties": {"uuid": "c4172abb-8ad1-446a-8c35-ddb310d1a0f9", "name": "Marktgarage (Delft)", "municipality": "Delft", "operator": "Delft", "street": "Willem Naghelstraat", "houseNumber": "1", "zipcode": "2612XD", "city": "Delft", "province": "", "capacity": 325, "vacantSpaces": 228, "occupancyPercent": 29.8, "open": true, "full": false, "lastUpdated": 1785532321, "minimumHeightInMeters": 2.2, "chargingPointCapacity": 2, "disabledAccess": false, "usage": "Garage parkeren"}}, {"type": "Feature", "geometry": {"type": "Point", "coordinates": [4.676626, 51.817199]}, "properties": {"uuid": "5b3d8f1d-67f8-499e-a35c-92f3b181bfa1", "name": "Garage Riedijkshaven (Dordrecht)", "municipality": "Dordrecht", "operator": "Dordrecht", "street": "Noorderstraat", "houseNumber": "11", "zipcode": "3311RB", "city": "Dordrecht", "province": "", "capacity": 20, "vacantSpaces": 13, "occupancyPercent": 35.0, "open": true, "full": false, "lastUpdated": "1744018321", "minimumHeightInMeters": 2.0, "chargingPointCapacity": 1, "disabledAccess": true, "usage": "Garage parkeren"}}, {"type": "Feature", "geometry": {"type": "Point", "coordinates": [4.51172, 51.896932]}, "properties": {"uuid": "31938897-d183-426d-ad6b-0c613a147cea", "name": "Garage Colosseumweg", "municipality": "Rotterdam", "operator": "Rotterdam", "street": "Colosseumweg", "houseNumber": "13", "zipcode": "3074SN", "city": "Rotterdam", "province": "Zuid-Holland", "capacity": 128, "vacantSpaces": 126, "occupancyPercent": 1.6, "open": true, "full": false, "lastUpdated": 1785532290, "minimumHeightInMeters": 1.9, "chargingPointCapacity": 0, "disabledAccess": false, "usage": "Garage parkeren"}}, {"type": "Feature", "geometry": {"type": "Point", "coordinates": [4.482425, 51.924172]}, "properties": {"uuid": "48383bbe-e212-4903-bfd2-440846d80059", "name": "Garage Meent", "municipality": "Rotterdam", "operator": "Rotterdam", "street": "Binnenrotte", "houseNumber": "15", "zipcode": "3011HB", "city": "Rotterdam", "province": "Zuid-Holland", "capacity": 332, "vacantSpaces": 294, "occupancyPercent": 11.4, "open": true, "full": false, "lastUpdated": 1785532290, "minimumHeightInMeters": 1.9, "chargingPointCapacity": 0, "disabledAccess": false, "usage": "Garage parkeren"}}, {"type": "Feature", "geometry": {"type": "Point", "coordinates": [4.492372, 51.921755]}, "properties": {"uuid": "dc96d900-8446-4e99-8a09-dd60da167fc8", "name": "Garage Kiphof", "municipality": "Rotterdam", "operator": "Rotterdam", "street": "Kipstraat", "houseNumber": "177", "zipcode": "3011ZX", "city": "Rotterdam", "province": "Zuid-Holland", "capacity": 174, "vacantSpaces": 148, "occupancyPercent": 14.9, "open": true, "full": false, "lastUpdated": 1785532290, "minimumHeightInMeters": 1.9, "chargingPointCapacity": 2, "disabledAccess": false, "usage": "Garage parkeren"}}, {"type": "Feature", "geometry": {"type": "Point", "coordinates": [6.890873, 52.231866]}, "properties": {"uuid": "335d508f-cb75-480d-b034-b30f128fccce", "name": "Parkeergarage Brouwerij", "municipality": "Enschede", "operator": "Enschede", "street": "Brouwerijplein", "houseNumber": "49", "zipcode": "7523XJ", "city": "Enschede", "province": "Overijssel", "capacity": 300, "vacantSpaces": 233, "occupancyPercent": 22.3, "open": true, "full": false, "lastUpdated": "1751870873", "minimumHeightInMeters": 2.0, "chargingPointCapacity": 0, "disabledAccess": false, "usage": "Garage parkeren"}}, {"type": "Feature", "geometry": {"type": "Point", "coordinates": [4.569489, 51.885571]}, "properties": {"uuid": "d9be5735-e8a0-4f62-9712-740bea0c2dd9", "name": "P+R Beverwaard (Rotterdam)", "municipality": "Rotterdam", "operator": "Rotterdam", "street": "Bolnesserkade", "houseNumber": "0", "zipcode": "", "city": "Rotterdam", "province": "", "capacity": 508, "vacantSpaces": 502, "occupancyPercent": 1.2, "open": true, "full": false, "lastUpdated": 1785532290, "minimumHeightInMeters": 0.0, "chargingPointCapacity": 0, "disabledAccess": false, "usage": "P+R"}}, {"type": "Feature", "geometry": {"type": "Point", "coordinates": [4.662503, 51.811689]}, "properties": {"uuid": "01e2fd1b-550b-40e1-b9fe-5373a15d88a0", "name": "Parkeergarage Achterom", "municipality": "Dordrecht", "operator": "Dordrecht", "street": "Achterom", "houseNumber": "56", "zipcode": "3311GN", "city": "Dordrecht", "province": "Zuid-Holland", "capacity": 275, "vacantSpaces": 217, "occupancyPercent": 21.1, "open": true, "full": false, "lastUpdated": "1744018321", "minimumHeightInMeters": 2.0, "chargingPointCapacity": 2, "disabledAccess": true, "usage": "Garage parkeren"}}, {"type": "Feature", "geometry": {"type": "Point", "coordinates": [4.828007, 52.43872]}, "properties": {"uuid": "b3b3f9ec-e94e-4923-8865-53c9c5f7aeaf", "name": "Parkeerterrein de Burcht (Zaanstad)", "municipality": "Zaanstad", "operator": "Zaanstad", "street": "Burcht", "houseNumber": "0", "zipcode": "1501AA", "city": "Zaandam", "province": "Noord-Holland", "capacity": 236, "vacantSpaces": 0, "occupancyPercent": 100.0, "open": true, "full": false, "lastUpdated": 1785532290, "minimumHeightInMeters": 0.0, "chargingPointCapacity": 0, "disabledAccess": false, "usage": "Terreinparkeren"}}, {"type": "Feature", "geometry": {"type": "Point", "coordinates": [4.372793, 51.908207]}, "properties": {"uuid": "ed205aff-9f9b-4f16-b649-76b53971e4d7", "name": "P+R Schiedam Vijfsluizen (Schiedam)", "municipality": "Schiedam", "operator": "Schiedam", "street": "Karel Doormanweg", "houseNumber": "60", "zipcode": "3115JD", "city": "Schiedam", "province": "Zuid-Holland", "capacity": 88, "vacantSpaces": 71, "occupancyPercent": 19.3, "open": true, "full": false, "lastUpdated": 1785532290, "minimumHeightInMeters": 0.0, "chargingPointCapacity": 0, "disabledAccess": false, "usage": "P+R"}}, {"type": "Feature", "geometry": {"type": "Point", "coordinates": [5.335747, 51.677949]}, "properties": {"uuid": "b4d2898e-6b9d-4b5d-b0a0-8a11222382c5", "name": "Transferium Pettelaarpark", "municipality": "'s-Hertogenbosch", "operator": "'s-Hertogenbosch", "street": "Pettelaarpark", "houseNumber": "59", "zipcode": "5216PP", "city": "'s-Hertogenbosch", "province": "Noord-Brabant", "capacity": 450, "vacantSpaces": 412, "occupancyPercent": 8.4, "open": true, "full": false, "lastUpdated": "1751870882", "minimumHeightInMeters": 0.0, "chargingPointCapacity": 2, "disabledAccess": true, "usage": "P+R"}}, {"type": "Feature", "geometry": {"type": "Point", "coordinates": [4.533083, 51.894989]}, "properties": {"uuid": "574e6027-47e9-45eb-bcc1-01a9d1a344f7", "name": "P+R Noorderhelling (Rotterdam)", "municipality": "Rotterdam", "operator": "Rotterdam", "street": "Noorderhelling", "houseNumber": "0", "zipcode": "3077AP", "city": "Rotterdam", "province": "", "capacity": 494, "vacantSpaces": 355, "occupancyPercent": 28.1, "open": true, "full": false, "lastUpdated": 1785532290, "minimumHeightInMeters": 0.0, "chargingPointCapacity": 0, "disabledAccess": false, "usage": "P+R"}}, {"type": "Feature", "geometry": {"type": "Point", "coordinates": [5.103975, 52.092672]}, "properties": {"uuid": "551be64d-fd3d-4f13-8afd-fc2b0186e67b", "name": "Garage Kop van Lombok", "municipality": "Utrecht", "operator": "P1", "street": "Vleutenseweg", "houseNumber": "44", "zipcode": "3532HL", "city": "Utrecht", "province": "Utrecht", "capacity": 170, "vacantSpaces": 52, "occupancyPercent": 69.4, "open": true, "full": false, "lastUpdated": 1785532290, "minimumHeightInMeters": 2.0, "chargingPointCapacity": 0, "disabledAccess": false, "usage": "Garage parkeren"}}, {"type": "Feature", "geometry": {"type": "Point", "coordinates": [5.126233, 52.09805]}, "properties": {"uuid": "ed1ecb9f-bbf1-4578-97c7-16cd3ed8b4da", "name": "Garage De Grifthoek (Utrecht)", "municipality": "Utrecht", "operator": "P1", "street": "Wittevrouwensingel", "houseNumber": "96", "zipcode": "3514AL", "city": "Utrecht", "province": "Utrecht", "capacity": 230, "vacantSpaces": 98, "occupancyPercent": 57.4, "open": true, "full": false, "lastUpdated": 1785532290, "minimumHeightInMeters": 2.0, "chargingPointCapacity": 0, "disabledAccess": false, "usage": "Garage parkeren"}}, {"type": "Feature", "geometry": {"type": "Point", "coordinates": [6.1588, 52.254732]}, "properties": {"uuid": "9939a414-628f-4b60-8068-f7731ea5f31a", "name": "Centrumgarage (Deventer)", "municipality": "Deventer", "operator": "Centrumgarage", "street": "Op de Keizer", "houseNumber": "1", "zipcode": "7411TC", "city": "Deventer", "province": "Overijssel", "capacity": 481, "vacantSpaces": 374, "occupancyPercent": 22.2, "open": true, "full": false, "lastUpdated": 1785532260, "minimumHeightInMeters": 2.35, "chargingPointCapacity": 2, "disabledAccess": false, "usage": "Garage parkeren"}}, {"type": "Feature", "geometry": {"type": "Point", "coordinates": [4.431611, 52.243867]}, "properties": {"uuid": "8c237822-2d60-4446-b5cd-8f33cccb26fc", "name": "Terrein Vomar Bomstraat (Noordwijk)", "municipality": "Noordwijk", "operator": "Centrum Parking", "street": "Bomstraat", "houseNumber": "15", "zipcode": "2202GH", "city": "Noordwijk", "province": "Zuid-Holland", "capacity": 240, "vacantSpaces": 146, "occupancyPercent": 39.2, "open": true, "full": false, "lastUpdated": 1785532290, "minimumHeightInMeters": 0.0, "chargingPointCapacity": 0, "disabledAccess": false, "usage": "Terreinparkeren"}}, {"type": "Feature", "geometry": {"type": "Point", "coordinates": [5.04937, 52.642]}, "properties": {"uuid": "ad408289-258a-4e66-997b-06944563a84c", "name": "Garage Schouwburg het Park (Hoorn)", "municipality": "Hoorn", "operator": "InPublic Ventures B.V.", "street": "Westerdijk", "houseNumber": "2", "zipcode": "1621LE", "city": "Hoorn", "province": "Noord-Holland", "capacity": 120, "vacantSpaces": 112, "occupancyPercent": 6.7, "open": true, "full": false, "lastUpdated": 1785532286, "minimumHeightInMeters": 1.8, "chargingPointCapacity": 0, "disabledAccess": false, "usage": "Garage parkeren"}}, {"type": "Feature", "geometry": {"type": "Point", "coordinates": [5.877922, 51.099404]}, "properties": {"uuid": "54544081-ae6b-4e18-bbf3-6833becce81f", "name": "P+R Stationsweg (Echt)", "municipality": "Echt-Susteren", "operator": "Nederlandse Spoorwegen", "street": "Stationsweg", "houseNumber": "0", "zipcode": "6101HK", "city": "Echt", "province": "Limburg", "capacity": 98, "vacantSpaces": 82, "occupancyPercent": 16.3, "open": true, "full": false, "lastUpdated": 1639497702, "minimumHeightInMeters": 0.0, "chargingPointCapacity": 0, "disabledAccess": false, "usage": "P+R"}}, {"type": "Feature", "geometry": {"type": "Point", "coordinates": [5.574509, 52.045486]}, "properties": {"uuid": "307d9fdb-0c8a-4362-943d-aa33adecaa14", "name": "P + R station Veenendaal-De Klomp Zuid", "municipality": "Ede", "operator": "Nederlandse Spoorwegen", "street": "Rondweg De Klomp", "houseNumber": "0", "zipcode": "6745XM", "city": "De Klomp", "province": "", "capacity": 105, "vacantSpaces": 100, "occupancyPercent": 4.8, "open": true, "full": false, "lastUpdated": 1766561808, "minimumHeightInMeters": 0.0, "chargingPointCapacity": 0, "disabledAccess": false, "usage": "P+R"}}, {"type": "Feature", "geometry": {"type": "Point", "coordinates": [5.11464, 52.090173]}, "properties": {"uuid": "70abd541-a025-4b29-b99c-0a96a6f23a06", "name": "Garage P6 Rijnkade (Utrecht)", "municipality": "Utrecht", "operator": "Interparking", "street": "Rijnkade", "houseNumber": "3", "zipcode": "3511LC", "city": "Utrecht", "province": "Utrecht", "capacity": 279, "vacantSpaces": 279, "occupancyPercent": 0.0, "open": true, "full": true, "lastUpdated": 1785532290, "minimumHeightInMeters": 1.95, "chargingPointCapacity": 3, "disabledAccess": false, "usage": "Garage parkeren"}}, {"type": "Feature", "geometry": {"type": "Point", "coordinates": [4.89279, 52.085667]}, "properties": {"uuid": "aac1824c-b958-4abe-b311-5e25a334b940", "name": "P + R staton Woerden", "municipality": "Woerden", "operator": "Nederlandse Spoorwegen", "street": "Stationsplein Noord", "houseNumber": "0", "zipcode": "", "city": "", "province": "", "capacity": 172, "vacantSpaces": null, "occupancyPercent": null, "open": null, "full": null, "lastUpdated": null, "minimumHeightInMeters": 0.0, "chargingPointCapacity": 0, "disabledAccess": false, "usage": "P+R"}}, {"type": "Feature", "geometry": {"type": "Point", "coordinates": [5.113428, 52.089612]}, "properties": {"uuid": "c479f58b-1683-4321-adff-3e54ad468e59", "name": "Garage Hoog Catharijne P2 (Utrecht)", "municipality": "Utrecht", "operator": "Interparking", "street": "Spoorstraat", "houseNumber": "17", "zipcode": "3511EN", "city": "Utrecht", "province": "Utrecht", "capacity": 314, "vacantSpaces": 289, "occupancyPercent": 8.0, "open": true, "full": false, "lastUpdated": 1785532290, "minimumHeightInMeters": 1.95, "chargingPointCapacity": 3, "disabledAccess": false, "usage": "Garage parkeren"}}, {"type": "Feature", "geometry": {"type": "Point", "coordinates": [4.358066, 51.865992]}, "properties": {"uuid": "a4265c3c-b33d-4f83-973b-bf7eb97958e2", "name": "Garage Hoogvliet Centrum", "municipality": "Rotterdam", "operator": "Rotterdam", "street": "Klencke", "houseNumber": "74", "zipcode": "3191VK", "city": "Rotterdam", "province": "", "capacity": 142, "vacantSpaces": 133, "occupancyPercent": 6.3, "open": true, "full": false, "lastUpdated": 1785532290, "minimumHeightInMeters": 2.1, "chargingPointCapacity": 0, "disabledAccess": false, "usage": "Garage parkeren"}}, {"type": "Feature", "geometry": {"type": "Point", "coordinates": [4.868238, 52.368096]}, "properties": {"uuid": "a60db76c-4035-4c4d-9893-5e3696476a89", "name": "Garage De Hallen", "municipality": "Amsterdam", "operator": "Amsterdam", "street": "Bellamyplein", "houseNumber": "41", "zipcode": "1053AT", "city": "Amsterdam", "province": "", "capacity": 328, "vacantSpaces": 146, "occupancyPercent": 55.5, "open": false, "full": false, "lastUpdated": 1785532327, "minimumHeightInMeters": 2.1, "chargingPointCapacity": 0, "disabledAccess": false, "usage": "Garage parkeren"}}, {"type": "Feature", "geometry": {"type": "Point", "coordinates": [4.458464, 51.533183]}, "properties": {"uuid": "b7fd59d7-ef6e-4b8b-804d-42ba6bb98dbf", "name": "Garage Biggelaar (Roosendaal)", "municipality": "Roosendaal", "operator": "Roosendaal", "street": "Biggelaar", "houseNumber": "29", "zipcode": "4701RA", "city": "Roosendaal", "province": "Noord-Brabant", "capacity": 371, "vacantSpaces": 274, "occupancyPercent": 26.1, "open": true, "full": false, "lastUpdated": 1785532291, "minimumHeightInMeters": 2.1, "chargingPointCapacity": 6, "disabledAccess": true, "usage": "Garage parkeren"}}, {"type": "Feature", "geometry": {"type": "Point", "coordinates": [4.45917, 51.531157]}, "properties": {"uuid": "02f38b89-a5a7-4df6-8e87-5de543d84440", "name": "Garage Nieuwe Markt (Roosendaal)", "municipality": "Roosendaal", "operator": "Roosendaal", "street": "Nieuwe Markt", "houseNumber": "81", "zipcode": "4701AE", "city": "Roosendaal", "province": "Noord-Brabant", "capacity": 439, "vacantSpaces": 397, "occupancyPercent": 9.6, "open": true, "full": false, "lastUpdated": 1785532291, "minimumHeightInMeters": 2.1, "chargingPointCapacity": 10, "disabledAccess": true, "usage": "Garage parkeren"}}, {"type": "Feature", "geometry": {"type": "Point", "coordinates": [5.878418, 51.100505]}, "properties": {"uuid": "9706dda7-3909-4b75-be28-b3d4e9ee09f7", "name": "P+R Stationsweg (Echt)", "municipality": "Echt-Susteren", "operator": "Nederlandse Spoorwegen", "street": "Stationsweg", "houseNumber": "0", "zipcode": "6101HK", "city": "Echt", "province": "Limburg", "capacity": 54, "vacantSpaces": 49, "occupancyPercent": 9.3, "open": true, "full": false, "lastUpdated": 1639497701, "minimumHeightInMeters": 0.0, "chargingPointCapacity": 0, "disabledAccess": false, "usage": "P+R"}}, {"type": "Feature", "geometry": {"type": "Point", "coordinates": [4.343305, 51.911554]}, "properties": {"uuid": "953eec27-3077-4c28-84df-0d4248d45b08", "name": "Garage Hoogstraat (Vlaardingen)", "municipality": "Vlaardingen", "operator": "BKS Parking", "street": "Kornelis Speelmanstraat", "houseNumber": "4", "zipcode": "3131BG", "city": "Vlaardingen", "province": "Zuid-Holland", "capacity": 153, "vacantSpaces": 107, "occupancyPercent": 30.1, "open": "true", "full": "false", "lastUpdated": 1639497732, "minimumHeightInMeters": 1.95, "chargingPointCapacity": 0, "disabledAccess": true, "usage": "Garage parkeren"}}, {"type": "Feature", "geometry": {"type": "Point", "coordinates": [4.43185, 51.94893]}, "properties": {"uuid": "a63f0bb3-1a09-4d42-862b-6da2354178f0", "name": "P1 Lang Parkeren", "municipality": "Rotterdam", "operator": "Rotterdam The Hague Airport", "street": "Rotterdam Airportbaan", "houseNumber": "0", "zipcode": "3045AN", "city": "Rotterdam", "province": "Zuid-Holland", "capacity": 1224, "vacantSpaces": 1106, "occupancyPercent": 9.6, "open": true, "full": false, "lastUpdated": 1765282653, "minimumHeightInMeters": 0.0, "chargingPointCapacity": 0, "disabledAccess": false, "usage": "Terreinparkeren"}}, {"type": "Feature", "geometry": {"type": "Point", "coordinates": [5.279243, 52.394629]}, "properties": {"uuid": "a8b3ecad-d648-4a1b-b559-941d58b899f0", "name": "Santiagogarage (Almere Buiten)", "municipality": "Almere", "operator": "P1", "street": "Santiagostraat", "houseNumber": "3", "zipcode": "1334HH", "city": "Almere Buiten", "province": "Flevoland", "capacity": 334, "vacantSpaces": 315, "occupancyPercent": 5.7, "open": true, "full": false, "lastUpdated": 1785532290, "minimumHeightInMeters": 1.9, "chargingPointCapacity": 0, "disabledAccess": false, "usage": "Garage parkeren"}}, {"type": "Feature", "geometry": {"type": "Point", "coordinates": [5.04914557, 52.64274239]}, "properties": {"uuid": "f9521fbc-5e80-4c44-af4f-d49a487c6695", "name": "Straatparkeren Lambert Meliszweg (Hoorn)", "municipality": "Hoorn", "operator": "Hoorn", "street": "", "houseNumber": "", "zipcode": "", "city": "", "province": "", "capacity": 153, "vacantSpaces": 153, "occupancyPercent": 0.0, "open": true, "full": false, "lastUpdated": 1785532290, "minimumHeightInMeters": null, "chargingPointCapacity": 0, "disabledAccess": false, "usage": "Betaald parkeren"}}, {"type": "Feature", "geometry": {"type": "Point", "coordinates": [4.892585, 52.357512]}, "properties": {"uuid": "eb79ab5a-abd5-4a48-8f6c-e21dbfe545d2", "name": "Garage Heinekenplein (Amsterdam)", "municipality": "Amsterdam", "operator": "APCOA Parking", "street": "Eerste van der Helststraat", "houseNumber": "6", "zipcode": "1072NV", "city": "Amsterdam", "province": "Noord-Holland", "capacity": 102, "vacantSpaces": 100, "occupancyPercent": 2.0, "open": true, "full": false, "lastUpdated": 1785532321, "minimumHeightInMeters": 2.0, "chargingPointCapacity": 0, "disabledAccess": false, "usage": "Garage parkeren"}}, {"type": "Feature", "geometry": {"type": "Point", "coordinates": [4.66003, 51.811779]}, "properties": {"uuid": "1558c63d-0d97-40f3-9a0f-5f11e65875d7", "name": "Garage Veemarkt (Dordrecht)", "municipality": "Dordrecht", "operator": "Dordrecht", "street": "Van Godewijckstraat", "houseNumber": "13", "zipcode": "3311GX", "city": "Dordrecht", "province": "", "capacity": 528, "vacantSpaces": 528, "occupancyPercent": 0.0, "open": true, "full": false, "lastUpdated": "1674118048", "minimumHeightInMeters": 2.0, "chargingPointCapacity": 0, "disabledAccess": false, "usage": "Garage parkeren"}}, {"type": "Feature", "geometry": {"type": "Point", "coordinates": [4.315006, 52.076747]}, "properties": {"uuid": "c8a59b23-d7b1-4595-b2f9-3f5bb9b5cb9e", "name": "Garage Markthof (Den Haag)", "municipality": "Den Haag", "operator": "'s-Gravenhage", "street": "Gedempte gracht", "houseNumber": "579", "zipcode": "2512AM", "city": "Den Haag", "province": "", "capacity": 100, "vacantSpaces": 74, "occupancyPercent": 26.0, "open": true, "full": false, "lastUpdated": 1785531913, "minimumHeightInMeters": 2.0, "chargingPointCapacity": 4, "disabledAccess": false, "usage": "Garage parkeren"}}, {"type": "Feature", "geometry": {"type": "Point", "coordinates": [4.457441, 51.955583]}, "properties": {"uuid": "328cbed1-dfe1-4984-8cf6-4b4d9671b168", "name": "P+R Meijersplein (Rotterdam)", "municipality": "Rotterdam", "operator": "Rotterdam", "street": "Fairoaksbaan", "houseNumber": "300", "zipcode": "3045AS", "city": "Rotterdam", "province": "Zuid-Holland", "capacity": 492, "vacantSpaces": 345, "occupancyPercent": 29.9, "open": true, "full": false, "lastUpdated": 1765550010, "minimumHeightInMeters": 0.0, "chargingPointCapacity": 0, "disabledAccess": false, "usage": "P+R"}}, {"type": "Feature", "geometry": {"type": "Point", "coordinates": [4.550463, 51.953005]}, "properties": {"uuid": "d6ea05f4-e484-4db8-84cd-a0ac20db1f1f", "name": "P+R Alexander (Rotterdam)", "municipality": "Rotterdam", "operator": "Rotterdam", "street": "Prins Alexanderlaan", "houseNumber": "35", "zipcode": "3068PN", "city": "Rotterdam", "province": "Zuid-Holland", "capacity": 398, "vacantSpaces": 340, "occupancyPercent": 14.6, "open": true, "full": false, "lastUpdated": 1785532290, "minimumHeightInMeters": 0.0, "chargingPointCapacity": 2, "disabledAccess": false, "usage": "P+R"}}, {"type": "Feature", "geometry": {"type": "Point", "coordinates": [4.751839, 52.632194]}, "properties": {"uuid": "c06e8266-5df0-411e-8b7d-3027530f2661", "name": "Parkeergarage Karperton", "municipality": "Alkmaar", "operator": "Alkmaar", "street": "Dijk", "houseNumber": "0", "zipcode": "1811MB", "city": "Alkmaar", "province": "", "capacity": 420, "vacantSpaces": 199, "occupancyPercent": 52.6, "open": true, "full": false, "lastUpdated": 1785532290, "minimumHeightInMeters": 2.0, "chargingPointCapacity": 0, "disabledAccess": true, "usage": "Parkeren"}}, {"type": "Feature", "geometry": {"type": "Point", "coordinates": [4.485195, 51.913787]}, "properties": {"uuid": "9386ab02-ee17-4fd7-9580-93115e203a31", "name": "Garage De Boompjes", "municipality": "Rotterdam", "operator": "Rotterdam", "street": "Terwenakker", "houseNumber": "18", "zipcode": "3011XS", "city": "Rotterdam", "province": "Zuid-Holland", "capacity": 323, "vacantSpaces": 281, "occupancyPercent": 13.0, "open": true, "full": false, "lastUpdated": 1785532290, "minimumHeightInMeters": 1.9, "chargingPointCapacity": 22, "disabledAccess": false, "usage": "Garage parkeren"}}, {"type": "Feature", "geometry": {"type": "Point", "coordinates": [4.48387, 51.910553]}, "properties": {"uuid": "b702aa0d-1392-4b9c-a158-5ead5179f9ad", "name": "Garage Erasmusbrug", "municipality": "Rotterdam", "operator": "Rotterdam", "street": "Gedempte Zalmhaven", "houseNumber": "0", "zipcode": "3016DR", "city": "Rotterdam", "province": "Zuid-Holland", "capacity": 267, "vacantSpaces": 191, "occupancyPercent": 28.5, "open": true, "full": false, "lastUpdated": 1785532290, "minimumHeightInMeters": 1.9, "chargingPointCapacity": 1, "disabledAccess": false, "usage": "Garage parkeren"}}, {"type": "Feature", "geometry": {"type": "Point", "coordinates": [4.745139, 52.634197]}, "properties": {"uuid": "e7f0ddfb-8b9f-4f47-a274-076807a63a5b", "name": "Parkeergarage Vest", "municipality": "Alkmaar", "operator": "Alkmaar", "street": "Canadaplein", "houseNumber": "2", "zipcode": "1811KG", "city": "Alkmaar", "province": "", "capacity": 134, "vacantSpaces": 31, "occupancyPercent": 76.9, "open": true, "full": false, "lastUpdated": 1785532290, "minimumHeightInMeters": 2.0, "chargingPointCapacity": 0, "disabledAccess": true, "usage": "Parkeren"}}, {"type": "Feature", "geometry": {"type": "Point", "coordinates": [4.470421, 51.913874]}, "properties": {"uuid": "ac1a8242-ea7d-48ff-8935-9fbe07691d77", "name": "Garage Museumpark", "municipality": "Rotterdam", "operator": "Rotterdam", "street": "Museumpark", "houseNumber": "32", "zipcode": "3015CX", "city": "Rotterdam", "province": "Zuid-Holland", "capacity": 1030, "vacantSpaces": 961, "occupancyPercent": 6.7, "open": true, "full": false, "lastUpdated": 1785532290, "minimumHeightInMeters": 2.1, "chargingPointCapacity": 4, "disabledAccess": false, "usage": "Garage parkeren"}}, {"type": "Feature", "geometry": {"type": "Point", "coordinates": [4.492877, 51.920983]}, "properties": {"uuid": "4988115d-7c6e-4a4a-bd9d-5605e692c2cb", "name": "Garage Oude Haven", "municipality": "Rotterdam", "operator": "Rotterdam", "street": "Burg. van Walsumweg", "houseNumber": "718", "zipcode": "3011MZ", "city": "Rotterdam", "province": "Zuid-Holland", "capacity": 79, "vacantSpaces": 39, "occupancyPercent": 50.6, "open": true, "full": false, "lastUpdated": 1785532290, "minimumHeightInMeters": 1.9, "chargingPointCapacity": 0, "disabledAccess": false, "usage": "Garage parkeren"}}, {"type": "Feature", "geometry": {"type": "Point", "coordinates": [5.081408, 51.554213]}, "properties": {"uuid": "1319b928-f405-4ee3-8c33-1e932e3156a4", "name": "Parkeergarage Schouwburg (Tilburg)", "municipality": "Tilburg", "operator": "Tilburg", "street": "Louis Bouwmeesterplein", "houseNumber": "2", "zipcode": "5038TN", "city": "Tilburg", "province": "Noord-Brabant", "capacity": 422, "vacantSpaces": 404, "occupancyPercent": 4.3, "open": true, "full": false, "lastUpdated": 1785532290, "minimumHeightInMeters": 1.9, "chargingPointCapacity": 2, "disabledAccess": false, "usage": "Garage parkeren"}}, {"type": "Feature", "geometry": {"type": "Point", "coordinates": [5.865989, 51.844784]}, "properties": {"uuid": "deb8f7da-0864-4019-8715-53ca185efc42", "name": "P5 Parkeergarage Mari\u00ebnburg", "municipality": "Nijmegen", "operator": "Nijmegen", "street": "Arsenaalgas", "houseNumber": "8", "zipcode": "6511RT", "city": "Nijmegen", "province": "Gelderland", "capacity": 300, "vacantSpaces": 169, "occupancyPercent": 43.7, "open": true, "full": false, "lastUpdated": 1785532290, "minimumHeightInMeters": 2.0, "chargingPointCapacity": 2, "disabledAccess": false, "usage": "Garage parkeren"}}, {"type": "Feature", "geometry": {"type": "Point", "coordinates": [5.736096, 50.896643]}, "properties": {"uuid": "66834791-df8d-4c8b-86f3-23ce0c131c3b", "name": "P+R Spoorstraat (Bunde)", "municipality": "Meerssen", "operator": "Nederlandse Spoorwegen", "street": "Spoorstraat", "houseNumber": "0", "zipcode": "6241CL", "city": "Bunde", "province": "Limburg", "capacity": 37, "vacantSpaces": 31, "occupancyPercent": 16.2, "open": true, "full": false, "lastUpdated": 1639497702, "minimumHeightInMeters": 0.0, "chargingPointCapacity": 0, "disabledAccess": false, "usage": "P+R"}}, {"type": "Feature", "geometry": {"type": "Point", "coordinates": [5.857005, 51.823656]}, "properties": {"uuid": "cba8da27-10e4-4683-8d09-93e961fa9c0a", "name": "RUNUMC P2 vLeydenlaan", "municipality": "Nijmegen", "operator": "Nijmegen", "street": "Philips van Leydenlaan", "houseNumber": "15", "zipcode": "6525HP", "city": "Nijmegen", "province": "Gelderland", "capacity": 56, "vacantSpaces": 53, "occupancyPercent": 5.4, "open": true, "full": false, "lastUpdated": 1785531657, "minimumHeightInMeters": 2.1, "chargingPointCapacity": 0, "disabledAccess": true, "usage": "Parkeren"}}, {"type": "Feature", "geometry": {"type": "Point", "coordinates": [4.93943, 52.311382]}, "properties": {"uuid": "43878fed-4dbf-4aef-a2b9-80168d11b5aa", "name": "Garage P4 Villa ArenA (Amsterdam)", "municipality": "Amsterdam", "operator": "Amsterdam", "street": "De Entree", "houseNumber": "228", "zipcode": "1101EE", "city": "Amsterdam", "province": "Noord-Holland", "capacity": 1063, "vacantSpaces": 1033, "occupancyPercent": 2.8, "open": true, "full": false, "lastUpdated": 1785509692, "minimumHeightInMeters": 1.9, "chargingPointCapacity": 0, "disabledAccess": false, "usage": "Garage parkeren"}}, {"type": "Feature", "geometry": {"type": "Point", "coordinates": [4.946282, 52.315131]}, "properties": {"uuid": "36e55fa3-48c9-4fd0-b8d9-eec160391772", "name": "GAR030P18 P18 Zuidoost", "municipality": "Amsterdam", "operator": "Amsterdam", "street": "Fraijlemaborg", "houseNumber": "131", "zipcode": "1102CV", "city": "Amsterdam", "province": "", "capacity": 290, "vacantSpaces": 277, "occupancyPercent": 4.5, "open": true, "full": false, "lastUpdated": 1785532327, "minimumHeightInMeters": 1.9, "chargingPointCapacity": 0, "disabledAccess": false, "usage": "Garage parkeren"}}, {"type": "Feature", "geometry": {"type": "Point", "coordinates": [5.28975, 51.689412]}, "properties": {"uuid": "88f214e0-36e0-49d3-b6d1-f73b1413cd12", "name": "Parkeergarage Paleiskwartier", "municipality": "'s-Hertogenbosch", "operator": "'s-Hertogenbosch", "street": "Hugo de Grootlaan", "houseNumber": "84", "zipcode": "5223LC", "city": "'s-Hertogenbosch", "province": "Noord-Brabant", "capacity": 839, "vacantSpaces": 590, "occupancyPercent": 29.7, "open": true, "full": false, "lastUpdated": "1751870882", "minimumHeightInMeters": 1.9, "chargingPointCapacity": 22, "disabledAccess": true, "usage": "Garage parkeren"}}, {"type": "Feature", "geometry": {"type": "Point", "coordinates": [4.397197, 52.081003]}, "properties": {"uuid": "73f63588-e4c1-4f4c-aeae-d204e2ef5b1f", "name": "Garage Damplein (Leidschendam-Voorburg)", "municipality": "Leidschendam-Voorburg", "operator": "Leidschendam-Voorburg", "street": "Damplein", "houseNumber": "6", "zipcode": "2265AC", "city": "Leidschendam", "province": "Zuid-Holland", "capacity": 225, "vacantSpaces": 186, "occupancyPercent": 17.3, "open": true, "full": false, "lastUpdated": 1785532287, "minimumHeightInMeters": 0.0, "chargingPointCapacity": 0, "disabledAccess": false, "usage": "Garage parkeren"}}, {"type": "Feature", "geometry": {"type": "Point", "coordinates": [6.161446, 52.256282]}, "properties": {"uuid": "45434989-3252-4c85-8731-c856b02c390c", "name": "Stationsplein", "municipality": "Deventer", "operator": "Deventer", "street": "Leeuwenbrug", "houseNumber": "1", "zipcode": "7411TE", "city": "Deventer", "province": "", "capacity": 159, "vacantSpaces": 119, "occupancyPercent": 25.2, "open": true, "full": false, "lastUpdated": 1785532260, "minimumHeightInMeters": 2.0, "chargingPointCapacity": 4, "disabledAccess": true, "usage": "Garage parkeren"}}, {"type": "Feature", "geometry": {"type": "Point", "coordinates": [4.890879, 52.367212]}, "properties": {"uuid": "1fc4f305-8d3f-4626-af10-a145c5834554", "name": "Garage Kalverstraat (Amsterdam)", "municipality": "Amsterdam", "operator": "ParkKing", "street": "Singel", "houseNumber": "451", "zipcode": "1012WP", "city": "Amsterdam", "province": "Noord-Holland", "capacity": 76, "vacantSpaces": 33, "occupancyPercent": 56.6, "open": true, "full": false, "lastUpdated": 1738923289, "minimumHeightInMeters": 1.9, "chargingPointCapacity": 0, "disabledAccess": false, "usage": "Garage parkeren"}}, {"type": "Feature", "geometry": {"type": "Point", "coordinates": [4.4382764, 52.2501683]}, "properties": {"uuid": "da95ab75-7e5e-438d-8bfb-f3eb0d37dd44", "name": "Straatparkeren Wantveld (Noordwijk)", "municipality": "Noordwijk", "operator": "Noordwijk", "street": "", "houseNumber": "", "zipcode": "", "city": "", "province": "", "capacity": 529, "vacantSpaces": 388, "occupancyPercent": 26.7, "open": true, "full": false, "lastUpdated": 1762942831, "minimumHeightInMeters": null, "chargingPointCapacity": 0, "disabledAccess": false, "usage": "Betaald parkeren"}}, {"type": "Feature", "geometry": {"type": "Point", "coordinates": [4.90245327, 52.36749935]}, "properties": {"uuid": "21de769b-c8e4-45e6-8b40-4496fa1fc417", "name": "Garage Waterlooplein", "municipality": "Amsterdam", "operator": "Amsterdam", "street": "", "houseNumber": "", "zipcode": "", "city": "", "province": "", "capacity": 150, "vacantSpaces": 7, "occupancyPercent": 95.3, "open": true, "full": false, "lastUpdated": 1753088646, "minimumHeightInMeters": null, "chargingPointCapacity": 0, "disabledAccess": false, "usage": "Garage parkeren"}}, {"type": "Feature", "geometry": {"type": "Point", "coordinates": [5.270282, 51.882779]}, "properties": {"uuid": "4209942e-00e7-491b-b4d9-09c0cc012038", "name": "P + R station Geldermalsen", "municipality": "West Betuwe", "operator": "Nederlandse Spoorwegen", "street": "Deliseweg", "houseNumber": "0", "zipcode": "4191NX", "city": "Geldermalsen", "province": "", "capacity": 493, "vacantSpaces": null, "occupancyPercent": null, "open": null, "full": null, "lastUpdated": null, "minimumHeightInMeters": 0.0, "chargingPointCapacity": 0, "disabledAccess": false, "usage": "P+R"}}, {"type": "Feature", "geometry": {"type": "Point", "coordinates": [4.918906, 52.37732]}, "properties": {"uuid": "4624b92d-ddf5-419e-86bb-4983c100ff70", "name": "Garage IJ-Oever", "municipality": "Amsterdam", "operator": "Amsterdam", "street": "", "houseNumber": "", "zipcode": "", "city": "", "province": "", "capacity": 73, "vacantSpaces": 73, "occupancyPercent": 0.0, "open": true, "full": false, "lastUpdated": 1785532309, "minimumHeightInMeters": null, "chargingPointCapacity": 0, "disabledAccess": false, "usage": "Garage parkeren"}}, {"type": "Feature", "geometry": {"type": "Point", "coordinates": [5.751464, 50.882452]}, "properties": {"uuid": "24190ff2-c521-4825-abd6-aa20c14d8b67", "name": "P+R Stationsstraat (Meersen)", "municipality": "Meerssen", "operator": "Nederlandse Spoorwegen", "street": "Stationsstraat", "houseNumber": "0", "zipcode": "6231CK", "city": "Meerssen", "province": "Limburg", "capacity": 88, "vacantSpaces": 66, "occupancyPercent": 25.0, "open": true, "full": false, "lastUpdated": 1639497702, "minimumHeightInMeters": 0.0, "chargingPointCapacity": 0, "disabledAccess": false, "usage": "P+R"}}, {"type": "Feature", "geometry": {"type": "Point", "coordinates": [5.862456, 51.060712]}, "properties": {"uuid": "d20db70b-b980-41b2-a457-67148670b260", "name": "P+R Spoorstraat (Susteren)", "municipality": "Echt-Susteren", "operator": "Nederlandse Spoorwegen", "street": "Spoorstraat", "houseNumber": "0", "zipcode": "6114EM", "city": "Susteren", "province": "Limburg", "capacity": 27, "vacantSpaces": 11, "occupancyPercent": 59.3, "open": true, "full": false, "lastUpdated": 1639497702, "minimumHeightInMeters": 0.0, "chargingPointCapacity": 0, "disabledAccess": false, "usage": "P+R"}}, {"type": "Feature", "geometry": {"type": "Point", "coordinates": [4.43577, 51.9468]}, "properties": {"uuid": "bdf5a796-0a4e-4385-b53d-f163f0540975", "name": "P3 Lang Parkeren", "municipality": "Rotterdam", "operator": "Rotterdam The Hague Airport", "street": "Fairoaksbaan", "houseNumber": "0", "zipcode": "3045AS", "city": "Rotterdam", "province": "Zuid-Holland", "capacity": 1224, "vacantSpaces": 1106, "occupancyPercent": 9.6, "open": true, "full": false, "lastUpdated": 1765282653, "minimumHeightInMeters": 0.0, "chargingPointCapacity": 0, "disabledAccess": false, "usage": "Terreinparkeren"}}, {"type": "Feature", "geometry": {"type": "Point", "coordinates": [5.303124, 51.686748]}, "properties": {"uuid": "461a6ae3-b610-4bec-95e1-bae6755b83a3", "name": "Parkeergarage Wolvenhoek", "municipality": "'s-Hertogenbosch", "operator": "'s-Hertogenbosch", "street": "Wolvenhoek", "houseNumber": "12", "zipcode": "5211HH", "city": "'s-Hertogenbosch", "province": "Noord-Brabant", "capacity": 250, "vacantSpaces": 193, "occupancyPercent": 22.8, "open": true, "full": false, "lastUpdated": "1751870882", "minimumHeightInMeters": 1.9, "chargingPointCapacity": 0, "disabledAccess": true, "usage": "Garage parkeren"}}, {"type": "Feature", "geometry": {"type": "Point", "coordinates": [5.294645, 51.689372]}, "properties": {"uuid": "eab6b680-ef29-4e0a-971c-c5055fc59c19", "name": "Parkeergarage Stationsplein", "municipality": "'s-Hertogenbosch", "operator": "'s-Hertogenbosch", "street": "Colvenierstraat", "houseNumber": "20", "zipcode": "5211AV", "city": "'s-Hertogenbosch", "province": "Noord-Brabant", "capacity": 105, "vacantSpaces": 95, "occupancyPercent": 9.5, "open": true, "full": false, "lastUpdated": "1751870882", "minimumHeightInMeters": 1.9, "chargingPointCapacity": 0, "disabledAccess": false, "usage": "Garage parkeren"}}, {"type": "Feature", "geometry": {"type": "Point", "coordinates": [5.80145, 53.201489]}, "properties": {"uuid": "d3bd2edf-cd1f-4b3d-baee-eb37c8bc9e53", "name": "P-Oosterstraat", "municipality": "Leeuwarden", "operator": "Leeuwarden", "street": "Ritsumastraat", "houseNumber": "2", "zipcode": "8911KM", "city": "Leeuwarden", "province": "Friesland", "capacity": 250, "vacantSpaces": 142, "occupancyPercent": 43.2, "open": false, "full": false, "lastUpdated": 1785532290, "minimumHeightInMeters": 2.2, "chargingPointCapacity": 0, "disabledAccess": false, "usage": "Garage parkeren"}}, {"type": "Feature", "geometry": {"type": "Point", "coordinates": [5.55676688, 52.02926736]}, "properties": {"uuid": "0cbc7e9b-71b6-456a-bcc6-1c95f7297c29", "name": "Garage Scheepjeshof (Veenendaal)", "municipality": "Veenendaal", "operator": "Aberdeen Asset Management", "street": "", "houseNumber": "", "zipcode": "", "city": "", "province": "", "capacity": 395, "vacantSpaces": 328, "occupancyPercent": 17.0, "open": true, "full": false, "lastUpdated": 1785532302, "minimumHeightInMeters": null, "chargingPointCapacity": 0, "disabledAccess": false, "usage": "Garage parkeren"}}, {"type": "Feature", "geometry": {"type": "Point", "coordinates": [4.91488, 52.377626]}, "properties": {"uuid": "ef7b7048-3c53-4877-8b4e-118656e80486", "name": "Garage Piet Hein", "municipality": "Amsterdam", "operator": "Amsterdam", "street": "Piet Heinkade", "houseNumber": "59", "zipcode": "1019GM", "city": "Amsterdam", "province": "", "capacity": 562, "vacantSpaces": 469, "occupancyPercent": 16.5, "open": true, "full": false, "lastUpdated": 1785532327, "minimumHeightInMeters": 2.1, "chargingPointCapacity": 0, "disabledAccess": false, "usage": "Garage parkeren"}}, {"type": "Feature", "geometry": {"type": "Point", "coordinates": [5.54854, 52.019891]}, "properties": {"uuid": "5512204f-fb36-43de-a58e-1743d41ebe8d", "name": "P+R Station Veenendaal-Centrum (Veenendaal)", "municipality": "Veenendaal", "operator": "Nederlandse Spoorwegen", "street": "Rembrandtlaan", "houseNumber": "3", "zipcode": "3904ZJ", "city": "Veenendaal", "province": "", "capacity": 95, "vacantSpaces": 83, "occupancyPercent": 12.6, "open": true, "full": false, "lastUpdated": 1766561808, "minimumHeightInMeters": 0.0, "chargingPointCapacity": 0, "disabledAccess": false, "usage": "P+R"}}, {"type": "Feature", "geometry": {"type": "Point", "coordinates": [5.276422, 52.393521]}, "properties": {"uuid": "707242b6-6564-43ed-b272-fab1b406a3bb", "name": "Floridagarage (Almere Buiten)", "municipality": "Almere", "operator": "P1", "street": "Straat van Florida", "houseNumber": "10", "zipcode": "1334PA", "city": "Almere Buiten", "province": "Flevoland", "capacity": 415, "vacantSpaces": 411, "occupancyPercent": 1.0, "open": true, "full": false, "lastUpdated": 1785532290, "minimumHeightInMeters": 1.9, "chargingPointCapacity": 0, "disabledAccess": false, "usage": "Garage parkeren"}}, {"type": "Feature", "geometry": {"type": "Point", "coordinates": [5.129327, 52.09373]}, "properties": {"uuid": "5c7a3167-55bd-441f-bd09-60e97503a603", "name": "Garage Kruisstraat (Utrecht)", "municipality": "Utrecht", "operator": "P1", "street": "Kruisstraat", "houseNumber": "2", "zipcode": "3581GK", "city": "Utrecht", "province": "Utrecht", "capacity": 102, "vacantSpaces": 84, "occupancyPercent": 17.6, "open": true, "full": false, "lastUpdated": 1785532290, "minimumHeightInMeters": 2.1, "chargingPointCapacity": 4, "disabledAccess": false, "usage": "Garage parkeren"}}, {"type": "Feature", "geometry": {"type": "Point", "coordinates": [4.988606, 52.169823]}, "properties": {"uuid": "4fe55834-166f-4651-8371-d68807490125", "name": "P + R station Breukelen W P3", "municipality": "Stichtse Vecht", "operator": "Nederlandse Spoorwegen", "street": "Stationsweg", "houseNumber": "0", "zipcode": "", "city": "Breukelen", "province": "", "capacity": 250, "vacantSpaces": 6498, "occupancyPercent": -2499.2, "open": true, "full": false, "lastUpdated": 1785531800, "minimumHeightInMeters": 2.1, "chargingPointCapacity": 0, "disabledAccess": false, "usage": "P+R"}}, {"type": "Feature", "geometry": {"type": "Point", "coordinates": [5.308031, 51.689482]}, "properties": {"uuid": "aa548ce6-3110-4621-b3eb-ea45e5975df7", "name": "Parkeergarage St. Josephstraat", "municipality": "'s-Hertogenbosch", "operator": "'s-Hertogenbosch", "street": "Sint Josephstraat", "houseNumber": "1", "zipcode": "5211NH", "city": "'s-Hertogenbosch", "province": "Noord-Brabant", "capacity": 101, "vacantSpaces": 74, "occupancyPercent": 26.7, "open": true, "full": false, "lastUpdated": "1751870882", "minimumHeightInMeters": 1.9, "chargingPointCapacity": 0, "disabledAccess": true, "usage": "Garage parkeren"}}, {"type": "Feature", "geometry": {"type": "Point", "coordinates": [5.314114, 51.685325]}, "properties": {"uuid": "5d567c12-796c-4f8d-80f4-120ba32ed482", "name": "Parkeergarage St. Jan", "municipality": "'s-Hertogenbosch", "operator": "'s-Hertogenbosch", "street": "Hekellaan", "houseNumber": "25", "zipcode": "5211LZ", "city": "'s-Hertogenbosch", "province": "Noord-Brabant", "capacity": 840, "vacantSpaces": 780, "occupancyPercent": 7.1, "open": true, "full": false, "lastUpdated": "1751870882", "minimumHeightInMeters": 2.1, "chargingPointCapacity": 6, "disabledAccess": true, "usage": "Garage parkeren"}}, {"type": "Feature", "geometry": {"type": "Point", "coordinates": [5.11184, 52.0913]}, "properties": {"uuid": "294157b9-5428-41d8-8f3a-252193ebe97d", "name": "Garage P4 Stationsstraat (Utrecht)", "municipality": "Utrecht", "operator": "Interparking", "street": "Stationsstraat", "houseNumber": "29", "zipcode": "3511EK", "city": "Utrecht", "province": "Utrecht", "capacity": 376, "vacantSpaces": 291, "occupancyPercent": 22.6, "open": true, "full": false, "lastUpdated": 1785532290, "minimumHeightInMeters": 2.0, "chargingPointCapacity": 3, "disabledAccess": false, "usage": "Garage parkeren"}}, {"type": "Feature", "geometry": {"type": "Point", "coordinates": [4.453411, 51.530433]}, "properties": {"uuid": "9a2ca410-8fba-4ff7-ab8f-6f1a5398eab0", "name": "Garage Roselaar (Roosendaal)", "municipality": "Roosendaal", "operator": "Roosendaal", "street": "Laan van Brabant", "houseNumber": "5", "zipcode": "4701BM", "city": "Roosendaal", "province": "Noord-Brabant", "capacity": 382, "vacantSpaces": 382, "occupancyPercent": 0.0, "open": false, "full": false, "lastUpdated": 1785532293, "minimumHeightInMeters": 2.1, "chargingPointCapacity": 6, "disabledAccess": true, "usage": "Garage parkeren"}}, {"type": "Feature", "geometry": {"type": "Point", "coordinates": [5.718397, 50.873017]}, "properties": {"uuid": "c0aecf40-4df5-43b9-b8af-577fb8c681f8", "name": "P+R Station Maastricht Noord I", "municipality": "Maastricht", "operator": "Maastricht", "street": "Hoekerweg", "houseNumber": "0", "zipcode": "6222NP", "city": "Maastricht", "province": "Limburg", "capacity": 340, "vacantSpaces": 197, "occupancyPercent": 42.1, "open": true, "full": false, "lastUpdated": 1727444267, "minimumHeightInMeters": 2.5, "chargingPointCapacity": 0, "disabledAccess": false, "usage": "P+R"}}, {"type": "Feature", "geometry": {"type": "Point", "coordinates": [4.854937, 52.344897]}, "properties": {"uuid": "c2b50ef9-12a3-4ac5-b2b4-8bf0d896c98b", "name": "Garage Olympisch Stadion (Amsterdam)", "municipality": "Amsterdam", "operator": "P1", "street": "Laan der Hesperiden", "houseNumber": "66", "zipcode": "1076DE", "city": "Amsterdam", "province": "Noord-Holland", "capacity": 400, "vacantSpaces": 382, "occupancyPercent": 4.5, "open": true, "full": false, "lastUpdated": 1785532321, "minimumHeightInMeters": 2.0, "chargingPointCapacity": 6, "disabledAccess": false, "usage": "Garage parkeren"}}, {"type": "Feature", "geometry": {"type": "Point", "coordinates": [5.30798121, 51.68977122]}, "properties": {"uuid": "63f63412-bd97-46f0-b13a-890bce445cbf", "name": "Garage Sint Josephstraat ('s-Hertogenbosch)", "municipality": "'s-Hertogenbosch", "operator": "PCH", "street": "", "houseNumber": "", "zipcode": "", "city": "", "province": "", "capacity": 101, "vacantSpaces": 51, "occupancyPercent": 49.5, "open": true, "full": false, "lastUpdated": "1741252911", "minimumHeightInMeters": null, "chargingPointCapacity": 0, "disabledAccess": false, "usage": "Garage parkeren"}}, {"type": "Feature", "geometry": {"type": "Point", "coordinates": [5.553624, 52.024715]}, "properties": {"uuid": "83e8b817-f383-453b-a4fc-b7a99a45dc18", "name": "Terrein Duivenweide (Veenendaal)", "municipality": "Veenendaal", "operator": "P1", "street": "Kerkwijk", "houseNumber": "8", "zipcode": "3901EG", "city": "Veenendaal", "province": "", "capacity": 441, "vacantSpaces": 14, "occupancyPercent": 96.8, "open": true, "full": false, "lastUpdated": 1785532310, "minimumHeightInMeters": 0.0, "chargingPointCapacity": 0, "disabledAccess": false, "usage": "Terreinparkeren"}}, {"type": "Feature", "geometry": {"type": "Point", "coordinates": [5.280122, 52.394855]}, "properties": {"uuid": "4e593474-6add-44a1-b0b8-c53f2aac44ad", "name": "Urcagarage (Almere Buiten)", "municipality": "Almere", "operator": "P1", "street": "Rio de Janeirostraat", "houseNumber": "3", "zipcode": "1334HG", "city": "Almere Buiten", "province": "Flevoland", "capacity": 301, "vacantSpaces": 280, "occupancyPercent": 7.0, "open": true, "full": false, "lastUpdated": 1785532290, "minimumHeightInMeters": 1.9, "chargingPointCapacity": 0, "disabledAccess": false, "usage": "Garage parkeren"}}, {"type": "Feature", "geometry": {"type": "Point", "coordinates": [4.897065, 52.378466]}, "properties": {"uuid": "ddcdd081-6046-4847-8438-dcea6ab51ccd", "name": "Garage Amsterdam Centrum (Amsterdam)", "municipality": "Amsterdam", "operator": "P1", "street": "Prins Hendrikkade", "houseNumber": "20", "zipcode": "1012TL", "city": "Amsterdam", "province": "Noord-Holland", "capacity": 385, "vacantSpaces": 232, "occupancyPercent": 39.7, "open": true, "full": false, "lastUpdated": 1762342675, "minimumHeightInMeters": 1.9, "chargingPointCapacity": 6, "disabledAccess": false, "usage": "Garage parkeren"}}, {"type": "Feature", "geometry": {"type": "Point", "coordinates": [4.517862, 52.215931]}, "properties": {"uuid": "9976905e-fe02-4211-8976-1b77e57c3b6f", "name": "P + R station Sassenheim", "municipality": "Teylingen", "operator": "Nederlandse Spoorwegen", "street": "Stationsplein", "houseNumber": "0", "zipcode": "", "city": "Warmond", "province": "", "capacity": 89, "vacantSpaces": 79, "occupancyPercent": 11.2, "open": true, "full": true, "lastUpdated": 1746629609, "minimumHeightInMeters": 0.0, "chargingPointCapacity": 0, "disabledAccess": false, "usage": "P+R"}}, {"type": "Feature", "geometry": {"type": "Point", "coordinates": [5.953013, 50.895842]}, "properties": {"uuid": "75104ad9-e029-4709-9b68-6b150258fc15", "name": "P+R In de Cramer (Heerlen)", "municipality": "Heerlen", "operator": "Nederlandse Spoorwegen", "street": "In de Cramer", "houseNumber": "0", "zipcode": "6411RS", "city": "Heerlen", "province": "Limburg", "capacity": 12, "vacantSpaces": 8, "occupancyPercent": 33.3, "open": true, "full": false, "lastUpdated": 1639497704, "minimumHeightInMeters": 0.0, "chargingPointCapacity": 0, "disabledAccess": false, "usage": "P+R"}}, {"type": "Feature", "geometry": {"type": "Point", "coordinates": [5.122752, 52.077891]}, "properties": {"uuid": "a2a3a9b4-6c17-47a9-aa70-1edef947743f", "name": "Garage Vaartsche Rijn", "municipality": "Utrecht", "operator": "P1", "street": "Baden Powellweg", "houseNumber": "103", "zipcode": "3523CA", "city": "Utrecht", "province": "Utrecht", "capacity": 224, "vacantSpaces": 104, "occupancyPercent": 53.6, "open": true, "full": false, "lastUpdated": 1785532290, "minimumHeightInMeters": 2.1, "chargingPointCapacity": 4, "disabledAccess": false, "usage": "Garage parkeren"}}, {"type": "Feature", "geometry": {"type": "Point", "coordinates": [5.574138, 52.046039]}, "properties": {"uuid": "8bfefa99-a526-4ce8-b4e0-236d6b19bb23", "name": "P + R station Veenendaal-De Klomp Noord", "municipality": "Ede", "operator": "Nederlandse Spoorwegen", "street": "Dokter Hoolboomweg", "houseNumber": "0", "zipcode": "6745XM", "city": "De Klomp", "province": "", "capacity": 257, "vacantSpaces": 226, "occupancyPercent": 12.1, "open": true, "full": false, "lastUpdated": 1766561808, "minimumHeightInMeters": 0.0, "chargingPointCapacity": 0, "disabledAccess": false, "usage": "P+R"}}, {"type": "Feature", "geometry": {"type": "Point", "coordinates": [5.890046, 50.866523]}, "properties": {"uuid": "f7e4a75c-79a2-41c7-b12e-aa88bff379f1", "name": "P+R Mareheiweg (Klimmen Ransdaal)", "municipality": "Valkenburg aan de Geul", "operator": "Nederlandse Spoorwegen", "street": "Mareheiweg", "houseNumber": "0", "zipcode": "6343EL", "city": "Ransdaal", "province": "Limburg", "capacity": 28, "vacantSpaces": 28, "occupancyPercent": 0.0, "open": true, "full": false, "lastUpdated": 1639497702, "minimumHeightInMeters": 0.0, "chargingPointCapacity": 0, "disabledAccess": false, "usage": "P+R"}}, {"type": "Feature", "geometry": {"type": "Point", "coordinates": [4.977115, 52.27757]}, "properties": {"uuid": "80e6904b-0183-46dc-9d75-5238487d89ad", "name": "P + R staton Abcoude", "municipality": "De Ronde Venen", "operator": "Nederlandse Spoorwegen", "street": "Spoorlaan", "houseNumber": "0", "zipcode": "1391TA", "city": "Abcoude", "province": "", "capacity": 50, "vacantSpaces": null, "occupancyPercent": null, "open": null, "full": null, "lastUpdated": null, "minimumHeightInMeters": 0.0, "chargingPointCapacity": 0, "disabledAccess": false, "usage": "P+R"}}, {"type": "Feature", "geometry": {"type": "Point", "coordinates": [5.41454, 50.50344]}, "properties": {"uuid": "af0b223f-cfe3-4e84-8359-2724e26315a0", "name": "Terrein Stadspark 2 (Maastricht)", "municipality": "Maastricht", "operator": "Maastricht", "street": "Prins Bisschopsingel", "houseNumber": "2", "zipcode": "6211JX", "city": "Maastricht", "province": "Limburg", "capacity": 79, "vacantSpaces": 0, "occupancyPercent": 100.0, "open": true, "full": true, "lastUpdated": 1752066320, "minimumHeightInMeters": 2.1, "chargingPointCapacity": 0, "disabledAccess": false, "usage": "Terreinparkeren"}}, {"type": "Feature", "geometry": {"type": "Point", "coordinates": [5.41497, 50.50364]}, "properties": {"uuid": "45b1b090-778f-4a65-99ba-7baf8e0f4412", "name": "Terrein Stadspark 1 (Maastricht)", "municipality": "Maastricht", "operator": "Maastricht", "street": "Maasboulevard", "houseNumber": "101", "zipcode": "6211JW", "city": "Maastricht", "province": "Limburg", "capacity": 227, "vacantSpaces": 33, "occupancyPercent": 85.5, "open": true, "full": false, "lastUpdated": 1752066495, "minimumHeightInMeters": 2.1, "chargingPointCapacity": 0, "disabledAccess": false, "usage": "Terreinparkeren"}}, {"type": "Feature", "geometry": {"type": "Point", "coordinates": [5.963628, 52.215498]}, "properties": {"uuid": "c8def33d-6bbf-4162-a9bc-27bc79430d0d", "name": "Parkeergarage Marktplein", "municipality": "Apeldoorn", "operator": "Apeldoorn", "street": "Deventerstraat", "houseNumber": "22", "zipcode": "7311LS", "city": "Apeldoorn", "province": "", "capacity": 685, "vacantSpaces": 648, "occupancyPercent": 5.4, "open": true, "full": false, "lastUpdated": 1785532203, "minimumHeightInMeters": 2.0, "chargingPointCapacity": 0, "disabledAccess": true, "usage": "Garage parkeren"}}, {"type": "Feature", "geometry": {"type": "Point", "coordinates": [5.951353, 52.220213]}, "properties": {"uuid": "e556a717-480e-433d-b87b-0f37140076a6", "name": "Parkeergarage Orpheus", "municipality": "Apeldoorn", "operator": "Apeldoorn", "street": "Churchillplein", "houseNumber": "15", "zipcode": "7314BZ", "city": "Apeldoorn", "province": "", "capacity": 430, "vacantSpaces": 425, "occupancyPercent": 1.2, "open": true, "full": false, "lastUpdated": 1785531611, "minimumHeightInMeters": 1.9, "chargingPointCapacity": 0, "disabledAccess": false, "usage": "Garage parkeren"}}, {"type": "Feature", "geometry": {"type": "Point", "coordinates": [4.967626, 52.37074]}, "properties": {"uuid": "dcacb5b1-25e8-4efe-be95-044d87c4e4f4", "name": "GAR064ZB3 Zeeburg III P+R", "municipality": "Amsterdam", "operator": "Amsterdam", "street": "Bob Haarmslaan", "houseNumber": "1095", "zipcode": "1095KG", "city": "Amsterdam", "province": "", "capacity": 265, "vacantSpaces": 148, "occupancyPercent": 44.2, "open": true, "full": false, "lastUpdated": 1785532335, "minimumHeightInMeters": 2.5, "chargingPointCapacity": 0, "disabledAccess": false, "usage": "Garage parkeren"}}, {"type": "Feature", "geometry": {"type": "Point", "coordinates": [5.223197, 52.369412]}, "properties": {"uuid": "a293ae1c-779c-4d2b-80d0-a305c4b04e61", "name": "P5 Parkeerterrein Hennepveld", "municipality": "Almere", "operator": "Almere", "street": "Hospitaalweg", "houseNumber": "7", "zipcode": "1315RB", "city": "Almere", "province": "", "capacity": 315, "vacantSpaces": 246, "occupancyPercent": 21.9, "open": true, "full": false, "lastUpdated": 1785532290, "minimumHeightInMeters": 0.0, "chargingPointCapacity": 0, "disabledAccess": false, "usage": "Terreinparkeren"}}, {"type": "Feature", "geometry": {"type": "Point", "coordinates": [5.20565106, 52.40247126]}, "properties": {"uuid": "61020800-8015-43d8-b335-52a1747c126a", "name": "straatparkeren Hospitaalterrein", "municipality": "Almere", "operator": "Almere", "street": "", "houseNumber": "", "zipcode": "", "city": "", "province": "", "capacity": 150, "vacantSpaces": 137, "occupancyPercent": 8.7, "open": true, "full": false, "lastUpdated": 1785532290, "minimumHeightInMeters": null, "chargingPointCapacity": 0, "disabledAccess": false, "usage": "Betaald parkeren"}}, {"type": "Feature", "geometry": {"type": "Point", "coordinates": [5.718426, 50.87225]}, "properties": {"uuid": "33d872e2-f94f-43b0-b07c-ce46e45422a5", "name": "P+R Station Maastricht Noord II", "municipality": "Maastricht", "operator": "Maastricht", "street": "Hoekerweg", "houseNumber": "0", "zipcode": "6222NP", "city": "Maastricht", "province": "", "capacity": 181, "vacantSpaces": 162, "occupancyPercent": 10.5, "open": true, "full": false, "lastUpdated": 1727444267, "minimumHeightInMeters": 2.5, "chargingPointCapacity": 0, "disabledAccess": false, "usage": "P+R"}}, {"type": "Feature", "geometry": {"type": "Point", "coordinates": [5.219964, 52.374188]}, "properties": {"uuid": "332264eb-f17e-4cbb-8ed2-40aae6f68b2c", "name": "P1 Parkeerterrein Koolzaadveld", "municipality": "Almere", "operator": "Almere", "street": "Festivalplein", "houseNumber": "3", "zipcode": "1315KL", "city": "Almere", "province": "", "capacity": 262, "vacantSpaces": 224, "occupancyPercent": 14.5, "open": true, "full": false, "lastUpdated": 1785532290, "minimumHeightInMeters": 0.0, "chargingPointCapacity": 0, "disabledAccess": false, "usage": "Terreinparkeren"}}, {"type": "Feature", "geometry": {"type": "Point", "coordinates": [4.941118, 52.310434]}, "properties": {"uuid": "c97f5fd6-4434-4d93-9c43-804dc8f715e1", "name": "Garage P3 Mikado", "municipality": "Amsterdam", "operator": "Amsterdam", "street": "De Entree", "houseNumber": "228", "zipcode": "1101EE", "city": "Amsterdam", "province": "", "capacity": 190, "vacantSpaces": 53, "occupancyPercent": 72.1, "open": true, "full": false, "lastUpdated": 1785532328, "minimumHeightInMeters": 2.1, "chargingPointCapacity": 0, "disabledAccess": false, "usage": "Garage parkeren"}}, {"type": "Feature", "geometry": {"type": "Point", "coordinates": [6.56954, 52.98963]}, "properties": {"uuid": "5283148b-441e-425d-bab4-ec0a68a33342", "name": "P+R Stationsplein (Assen)", "municipality": "Assen", "operator": "Nederlandse Spoorwegen", "street": "Stationsplein", "houseNumber": "0", "zipcode": "9404RT", "city": "Assen", "province": "", "capacity": 256, "vacantSpaces": 255, "occupancyPercent": 0.4, "open": true, "full": false, "lastUpdated": 1785532250, "minimumHeightInMeters": 0.0, "chargingPointCapacity": 0, "disabledAccess": false, "usage": "P+R"}}, {"type": "Feature", "geometry": {"type": "Point", "coordinates": [4.45789, 51.5394]}, "properties": {"uuid": "08e88e8e-9a59-4ea7-9511-4914d75364ee", "name": "P+R Stationsstraat (Roosendaal)", "municipality": "Roosendaal", "operator": "Nederlandse Spoorwegen", "street": "Stationsstraat", "houseNumber": "0", "zipcode": "4702VK", "city": "Roosendaal", "province": "", "capacity": 110, "vacantSpaces": 106, "occupancyPercent": 3.6, "open": true, "full": false, "lastUpdated": 1785532168, "minimumHeightInMeters": 0.0, "chargingPointCapacity": 0, "disabledAccess": false, "usage": "P+R"}}, {"type": "Feature", "geometry": {"type": "Point", "coordinates": [4.93576, 52.32266]}, "properties": {"uuid": "f0f161fb-e8f7-4dbb-81cd-fedce924d76c", "name": "P+R Stationsplein (Duivendrecht)", "municipality": "Ouder-Amstel", "operator": "Nederlandse Spoorwegen", "street": "Stationsplein", "houseNumber": "0", "zipcode": "1115BZ", "city": "Duivendrecht", "province": "", "capacity": 230, "vacantSpaces": 215, "occupancyPercent": 6.5, "open": true, "full": false, "lastUpdated": 1785532231, "minimumHeightInMeters": 0.0, "chargingPointCapacity": 0, "disabledAccess": false, "usage": "P+R"}}, {"type": "Feature", "geometry": {"type": "Point", "coordinates": [5.2943, 51.68848]}, "properties": {"uuid": "f1807d7c-176c-44f2-8fbc-a09b18c5aa69", "name": "P+R Magistratenlaan ('s-Hertogenbosch)", "municipality": "'s-Hertogenbosch", "operator": "Nederlandse Spoorwegen", "street": "Magistratenlaan", "houseNumber": "0", "zipcode": "5223MA", "city": "'s Hertogenbosch", "province": "", "capacity": 133, "vacantSpaces": 111, "occupancyPercent": 16.5, "open": true, "full": false, "lastUpdated": 1785531883, "minimumHeightInMeters": 0.0, "chargingPointCapacity": 0, "disabledAccess": false, "usage": "P+R"}}, {"type": "Feature", "geometry": {"type": "Point", "coordinates": [5.31807, 51.58316]}, "properties": {"uuid": "87657efe-b52a-40e4-9cf2-cf356a24017c", "name": "P+R Van Salmstraat (Boxtel)", "municipality": "Boxtel", "operator": "Nederlandse Spoorwegen", "street": "Salmstraat", "houseNumber": "66", "zipcode": "5281RS", "city": "Boxtel", "province": "", "capacity": 189, "vacantSpaces": 148, "occupancyPercent": 21.7, "open": true, "full": false, "lastUpdated": 1785532239, "minimumHeightInMeters": 0.0, "chargingPointCapacity": 0, "disabledAccess": false, "usage": "P+R"}}, {"type": "Feature", "geometry": {"type": "Point", "coordinates": [5.85132, 51.84469]}, "properties": {"uuid": "88053957-10e2-4453-a3d7-1706298b9737", "name": "P+R 1e Oude Heselaan (Nijmegen)", "municipality": "Nijmegen", "operator": "Nederlandse Spoorwegen", "street": "1e Oude Heselaan", "houseNumber": "9", "zipcode": "6541PA", "city": "Nijmegen", "province": "", "capacity": 85, "vacantSpaces": -19, "occupancyPercent": 122.4, "open": true, "full": true, "lastUpdated": 1785531907, "minimumHeightInMeters": 0.0, "chargingPointCapacity": 0, "disabledAccess": false, "usage": "P+R"}}, {"type": "Feature", "geometry": {"type": "Point", "coordinates": [5.4856, 51.44248]}, "properties": {"uuid": "cc7a3d99-d6f6-4407-86bc-008eb47549ea", "name": "P+R Fuutlaan (Eindhoven)", "municipality": "Eindhoven", "operator": "Nederlandse Spoorwegen", "street": "Fuutlaan", "houseNumber": "12", "zipcode": "5613AB", "city": "Eindhoven", "province": "", "capacity": 130, "vacantSpaces": 73, "occupancyPercent": 43.8, "open": true, "full": false, "lastUpdated": 1785532196, "minimumHeightInMeters": 0.0, "chargingPointCapacity": 0, "disabledAccess": false, "usage": "P+R"}}, {"type": "Feature", "geometry": {"type": "Point", "coordinates": [3.61519, 51.49375]}, "properties": {"uuid": "a74cb3bf-e681-45a0-bd09-60ab91099fec", "name": "P+R Segeersingel (Middelburg)", "municipality": "Middelburg", "operator": "Nederlandse Spoorwegen", "street": "Segeersingel", "houseNumber": "6", "zipcode": "4337LE", "city": "Middelburg", "province": "", "capacity": 143, "vacantSpaces": 136, "occupancyPercent": 4.9, "open": true, "full": false, "lastUpdated": 1785531719, "minimumHeightInMeters": 0.0, "chargingPointCapacity": 0, "disabledAccess": false, "usage": "P+R"}}, {"type": "Feature", "geometry": {"type": "Point", "coordinates": [4.74079, 52.63905]}, "properties": {"uuid": "d863d817-96ec-4b0a-9393-97b6adaf70f5", "name": "P+R Kruseman van Eltenweg (Alkmaar)", "municipality": "Alkmaar", "operator": "Nederlandse Spoorwegen", "street": "Kruseman v Eltenweg", "houseNumber": "1", "zipcode": "1817BC", "city": "Alkmaar", "province": "", "capacity": 180, "vacantSpaces": 189, "occupancyPercent": -5.0, "open": true, "full": false, "lastUpdated": 1785531977, "minimumHeightInMeters": 0.0, "chargingPointCapacity": 0, "disabledAccess": false, "usage": "P+R"}}, {"type": "Feature", "geometry": {"type": "Point", "coordinates": [4.78184, 51.595]}, "properties": {"uuid": "b17c99c0-65af-4451-a700-a21b24fc611e", "name": "P+R Stationsweg (Breda)", "municipality": "Breda", "operator": "Nederlandse Spoorwegen", "street": "Stationsweg", "houseNumber": "61", "zipcode": "4811EH", "city": "Breda", "province": "", "capacity": 39, "vacantSpaces": 23, "occupancyPercent": 41.0, "open": true, "full": false, "lastUpdated": 1785532017, "minimumHeightInMeters": 2.1, "chargingPointCapacity": 0, "disabledAccess": false, "usage": "P+R"}}, {"type": "Feature", "geometry": {"type": "Point", "coordinates": [5.19772, 51.5827]}, "properties": {"uuid": "9a11d95d-87bc-4b26-aff8-4cd6f6c2fc75", "name": "P+R Spoorlaan (Oisterwijk)", "municipality": "Oisterwijk", "operator": "Nederlandse Spoorwegen", "street": "Spoorlaan", "houseNumber": "92", "zipcode": "5061HD", "city": "Oisterwijk", "province": "", "capacity": 125, "vacantSpaces": 122, "occupancyPercent": 2.4, "open": true, "full": false, "lastUpdated": 1785532104, "minimumHeightInMeters": 0.0, "chargingPointCapacity": 0, "disabledAccess": false, "usage": "P+R"}}, {"type": "Feature", "geometry": {"type": "Point", "coordinates": [5.83199, 52.08568]}, "properties": {"uuid": "8aa45b74-0b08-4234-9231-29b6a80a9ee7", "name": "P+R Spoorlaan (Valkenburg)", "municipality": "Valkenburg", "operator": "Nederlandse Spoorwegen", "street": "Spoorlaan", "houseNumber": "1", "zipcode": "6301GB", "city": "Valkenburg a/d Geul", "province": "", "capacity": 123, "vacantSpaces": 96, "occupancyPercent": 22.0, "open": true, "full": false, "lastUpdated": 1785532184, "minimumHeightInMeters": 0.0, "chargingPointCapacity": 0, "disabledAccess": false, "usage": "P+R"}}, {"type": "Feature", "geometry": {"type": "Point", "coordinates": [6.89824041, 52.22231915]}, "properties": {"uuid": "da834c6e-b202-4b18-b7b0-4edc2716855b", "name": "Parkeergarage Tricotage", "municipality": "Enschede", "operator": "Veenendaal", "street": "", "houseNumber": "", "zipcode": "", "city": "", "province": "", "capacity": 500, "vacantSpaces": 496, "occupancyPercent": 0.8, "open": true, "full": false, "lastUpdated": 1785532303, "minimumHeightInMeters": null, "chargingPointCapacity": 0, "disabledAccess": false, "usage": "Betaald parkeren"}}, {"type": "Feature", "geometry": {"type": "Point", "coordinates": [5.36837, 52.1529]}, "properties": {"uuid": "325f0f1e-f5e5-44fa-8335-a7086df8976e", "name": "P+R Barchman Wuijtierslaan (Amersfoort)", "municipality": "Amersfoort", "operator": "Nederlandse Spoorwegen", "street": "Barchman Wuytierslaan", "houseNumber": "0", "zipcode": "3818LE", "city": "Amersfoort", "province": "", "capacity": 180, "vacantSpaces": 178, "occupancyPercent": 1.1, "open": true, "full": false, "lastUpdated": 1785531478, "minimumHeightInMeters": 2.1, "chargingPointCapacity": 0, "disabledAccess": false, "usage": "P+R"}}, {"type": "Feature", "geometry": {"type": "Point", "coordinates": [6.560898, 53.211687]}, "properties": {"uuid": "751c1199-6ad2-4fc4-b879-8b9091c9d96c", "name": "P+R Hoofdstation (Groningen)", "municipality": "Groningen", "operator": "Nederlandse Spoorwegen", "street": "Cascadeplein", "houseNumber": "6", "zipcode": "9726AD", "city": "Groningen", "province": "", "capacity": 146, "vacantSpaces": 110, "occupancyPercent": 24.7, "open": true, "full": false, "lastUpdated": 1785531506, "minimumHeightInMeters": 2.1, "chargingPointCapacity": 0, "disabledAccess": false, "usage": "P+R"}}, {"type": "Feature", "geometry": {"type": "Point", "coordinates": [6.795602, 52.260827]}, "properties": {"uuid": "222fa1c9-20df-433b-ba27-5c7c7c128f3d", "name": "P+R Industrieplein (Hengelo)", "municipality": "Hengelo", "operator": "Nederlandse Spoorwegen", "street": "Gieskesstraat", "houseNumber": "0", "zipcode": "7553LL", "city": "Hengelo", "province": "", "capacity": 256, "vacantSpaces": 230, "occupancyPercent": 10.2, "open": true, "full": false, "lastUpdated": 1785531809, "minimumHeightInMeters": 2.1, "chargingPointCapacity": 0, "disabledAccess": false, "usage": "P+R"}}, {"type": "Feature", "geometry": {"type": "Point", "coordinates": [6.192855, 52.145233]}, "properties": {"uuid": "7b4e7874-59b9-4e9c-9486-206453b5a2a5", "name": "P+R Lijmerij (Zutphen)", "municipality": "Zutphen", "operator": "Nederlandse Spoorwegen", "street": "Lijmerij", "houseNumber": "2", "zipcode": "7202AZ", "city": "Zutphen", "province": "", "capacity": 308, "vacantSpaces": 306, "occupancyPercent": 0.6, "open": true, "full": false, "lastUpdated": 1785531992, "minimumHeightInMeters": 2.1, "chargingPointCapacity": 0, "disabledAccess": false, "usage": "P+R"}}, {"type": "Feature", "geometry": {"type": "Point", "coordinates": [5.15665, 52.28006]}, "properties": {"uuid": "f7e93a01-102a-47de-aafb-0dea5f163a4c", "name": "P+R Slochterenlaan (Naarden-Bussum)", "municipality": "Gooise Meren", "operator": "Nederlandse Spoorwegen", "street": "Slochterenlaan", "houseNumber": "11", "zipcode": "1405AL", "city": "Naarden-Bussum", "province": "", "capacity": 93, "vacantSpaces": 87, "occupancyPercent": 6.5, "open": true, "full": false, "lastUpdated": 1785531911, "minimumHeightInMeters": 0.0, "chargingPointCapacity": 0, "disabledAccess": false, "usage": "P+R"}}, {"type": "Feature", "geometry": {"type": "Point", "coordinates": [4.83367, 52.35919]}, "properties": {"uuid": "ac546da2-cc2b-4e1d-adf7-15bcecde9fff", "name": "P+R Comeniuslaan (Amsterdam Lelylaan)", "municipality": "Amsterdam", "operator": "Nederlandse Spoorwegen", "street": "Comeniusstraat", "houseNumber": "10", "zipcode": "1065BH", "city": "Amsterdam", "province": "", "capacity": 70, "vacantSpaces": 48, "occupancyPercent": 31.4, "open": true, "full": false, "lastUpdated": 1785532238, "minimumHeightInMeters": 0.0, "chargingPointCapacity": 0, "disabledAccess": false, "usage": "P+R"}}, {"type": "Feature", "geometry": {"type": "Point", "coordinates": [4.606, 52.35933]}, "properties": {"uuid": "5d3110ce-748f-4d92-b131-11f1c456f510", "name": "P+R Roemer Visscherplein (Heemstede-Aerdenhout)", "municipality": "Heemstede", "operator": "Nederlandse Spoorwegen", "street": "Roemer Visscherplein", "houseNumber": "0", "zipcode": "2106AZ", "city": "Heemstede-Aerdenhout", "province": "", "capacity": 132, "vacantSpaces": 127, "occupancyPercent": 3.8, "open": true, "full": false, "lastUpdated": 1785531744, "minimumHeightInMeters": 0.0, "chargingPointCapacity": 0, "disabledAccess": false, "usage": "P+R"}}, {"type": "Feature", "geometry": {"type": "Point", "coordinates": [4.96932, 51.83421]}, "properties": {"uuid": "1840ed29-74ce-46fc-8265-85c7c69c1acb", "name": "P+R Stationsweg (Gorinchem)", "municipality": "Gorinchem", "operator": "Nederlandse Spoorwegen", "street": "Stationsweg", "houseNumber": "21", "zipcode": "4205AA", "city": "Gorinchem", "province": "", "capacity": 122, "vacantSpaces": 138, "occupancyPercent": -13.1, "open": true, "full": false, "lastUpdated": 1785532234, "minimumHeightInMeters": 0.0, "chargingPointCapacity": 0, "disabledAccess": false, "usage": "P+R"}}, {"type": "Feature", "geometry": {"type": "Point", "coordinates": [4.40896, 51.92158]}, "properties": {"uuid": "1535650f-5e48-49fe-b849-24bf24ee13ab", "name": "P+R Horvathweg (Schiedam Centrum)", "municipality": "Schiedam", "operator": "Nederlandse Spoorwegen", "street": "Horvathweg", "houseNumber": "3", "zipcode": "3112HB", "city": "Schiedam", "province": "", "capacity": 53, "vacantSpaces": 48, "occupancyPercent": 9.4, "open": true, "full": false, "lastUpdated": 1785532218, "minimumHeightInMeters": 2.1, "chargingPointCapacity": 0, "disabledAccess": false, "usage": "P+R"}}, {"type": "Feature", "geometry": {"type": "Point", "coordinates": [6.1734, 51.36437]}, "properties": {"uuid": "2eb02bef-9754-4091-b7cf-63932d0bf28e", "name": "P+R Kaldenkerkerweg (Venlo)", "municipality": "Venlo", "operator": "Nederlandse Spoorwegen", "street": "Kaldenkerkerweg", "houseNumber": "0", "zipcode": "5913AA", "city": "Venlo", "province": "", "capacity": 80, "vacantSpaces": 73, "occupancyPercent": 8.8, "open": true, "full": false, "lastUpdated": 1785531708, "minimumHeightInMeters": 0.0, "chargingPointCapacity": 0, "disabledAccess": false, "usage": "P+R"}}, {"type": "Feature", "geometry": {"type": "Point", "coordinates": [5.70299, 50.85319]}, "properties": {"uuid": "c74987a5-2457-407e-8cf2-5f92ac7279ec", "name": "P+R Meersenerstraat (Maastricht)", "municipality": "Maastricht", "operator": "Nederlandse Spoorwegen", "street": "Meersenerweg", "houseNumber": "0", "zipcode": "6224AK", "city": "Maastricht", "province": "", "capacity": 27, "vacantSpaces": 32, "occupancyPercent": -18.5, "open": true, "full": false, "lastUpdated": 1785532184, "minimumHeightInMeters": 0.0, "chargingPointCapacity": 0, "disabledAccess": false, "usage": "P+R"}}, {"type": "Feature", "geometry": {"type": "Point", "coordinates": [5.29336, 51.6918]}, "properties": {"uuid": "695cef16-b614-4489-b32a-687aca22dd4e", "name": "P+R Mayweg ('s-Hertogenbosch)", "municipality": "'s-Hertogenbosch", "operator": "Nederlandse Spoorwegen", "street": "Mayweg", "houseNumber": "0", "zipcode": "5211AA", "city": "s Hertogenbosch", "province": "", "capacity": 353, "vacantSpaces": 547, "occupancyPercent": -55.0, "open": true, "full": false, "lastUpdated": 1785532060, "minimumHeightInMeters": 2.1, "chargingPointCapacity": 0, "disabledAccess": false, "usage": "P+R"}}, {"type": "Feature", "geometry": {"type": "Point", "coordinates": [4.29674, 51.49488]}, "properties": {"uuid": "41306aac-28b3-4cbf-8df4-b1a6aa5647c8", "name": "P+R Parallelweg (Bergen op Zoom)", "municipality": "Bergen op Zoom", "operator": "Nederlandse Spoorwegen", "street": "Parallelweg", "houseNumber": "0", "zipcode": "4621CB", "city": "Bergen op Zoom", "province": "", "capacity": 120, "vacantSpaces": 123, "occupancyPercent": -2.5, "open": true, "full": false, "lastUpdated": 1785532279, "minimumHeightInMeters": 0.0, "chargingPointCapacity": 0, "disabledAccess": false, "usage": "P+R"}}, {"type": "Feature", "geometry": {"type": "Point", "coordinates": [4.40951, 51.92229]}, "properties": {"uuid": "d7f41af5-8e89-465a-963c-f5102affcd78", "name": "P+R Parallelweg (Schiedam Centrum)", "municipality": "Schiedam", "operator": "Nederlandse Spoorwegen", "street": "Parallelweg", "houseNumber": "2", "zipcode": "3112NA", "city": "Schiedam", "province": "", "capacity": 70, "vacantSpaces": 69, "occupancyPercent": 1.4, "open": true, "full": false, "lastUpdated": 1768231580, "minimumHeightInMeters": 0.0, "chargingPointCapacity": 0, "disabledAccess": false, "usage": "P+R"}}, {"type": "Feature", "geometry": {"type": "Point", "coordinates": [5.79078, 53.19531]}, "properties": {"uuid": "9ed37ad1-9374-400a-918f-f02411eb8ce6", "name": "P+R Wijnhornsterstraat (Leeuwarden)", "municipality": "Leeuwarden", "operator": "Nederlandse Spoorwegen", "street": "Wijnhornsterstraat", "houseNumber": "14", "zipcode": "8932GJ", "city": "Leeuwarden", "province": "", "capacity": 210, "vacantSpaces": 212, "occupancyPercent": -1.0, "open": true, "full": false, "lastUpdated": 1785531444, "minimumHeightInMeters": 0.0, "chargingPointCapacity": 0, "disabledAccess": false, "usage": "P+R"}}, {"type": "Feature", "geometry": {"type": "Point", "coordinates": [5.70635, 50.85099]}, "properties": {"uuid": "74823881-a189-4746-ae24-528e733777f7", "name": "P+R Parallelweg (Maastricht)", "municipality": "Maastricht", "operator": "Nederlandse Spoorwegen", "street": "Parallelweg", "houseNumber": "15", "zipcode": "6221BD", "city": "Maastricht", "province": "", "capacity": 276, "vacantSpaces": 260, "occupancyPercent": 5.8, "open": true, "full": false, "lastUpdated": 1785532129, "minimumHeightInMeters": 1.9, "chargingPointCapacity": 0, "disabledAccess": false, "usage": "P+R"}}, {"type": "Feature", "geometry": {"type": "Point", "coordinates": [4.642238, 51.81431]}, "properties": {"uuid": "c1aee7fe-47b9-48d8-98d0-6bc9aa033e6e", "name": "P+R Westelijke parallelweg (Zwijndrecht)", "municipality": "Zwijndrecht", "operator": "Nederlandse Spoorwegen", "street": "Westelijke Parallelweg", "houseNumber": "0", "zipcode": "3331EW", "city": "Zwijndrecht", "province": "", "capacity": 117, "vacantSpaces": 112, "occupancyPercent": 4.3, "open": true, "full": false, "lastUpdated": 1785532006, "minimumHeightInMeters": 0.0, "chargingPointCapacity": 0, "disabledAccess": false, "usage": "P+R"}}, {"type": "Feature", "geometry": {"type": "Point", "coordinates": [5.99224, 51.18948]}, "properties": {"uuid": "39c7e31a-5a22-4c4a-935f-482feaf65823", "name": "P+R Veeladingstraat (Roermond)", "municipality": "Roermond", "operator": "Nederlandse Spoorwegen", "street": "Veeladingstraat", "houseNumber": "0", "zipcode": "6041HW", "city": "Roermond", "province": "", "capacity": 81, "vacantSpaces": 79, "occupancyPercent": 2.5, "open": true, "full": false, "lastUpdated": 1785531619, "minimumHeightInMeters": 0.0, "chargingPointCapacity": 0, "disabledAccess": false, "usage": "P+R"}}, {"type": "Feature", "geometry": {"type": "Point", "coordinates": [5.97021, 50.89101]}, "properties": {"uuid": "7565d9ad-4f5a-4cb0-b9c5-53d68a2ad323", "name": "P+R Parallelweg (Heerlen)", "municipality": "Heerlen", "operator": "Nederlandse Spoorwegen", "street": "Parallelweg", "houseNumber": "0", "zipcode": "6411NA", "city": "Heerlen", "province": "", "capacity": 223, "vacantSpaces": 221, "occupancyPercent": 0.9, "open": true, "full": false, "lastUpdated": 1785531964, "minimumHeightInMeters": 0.0, "chargingPointCapacity": 0, "disabledAccess": false, "usage": "P+R"}}, {"type": "Feature", "geometry": {"type": "Point", "coordinates": [5.6637, 51.47612]}, "properties": {"uuid": "fed5c736-f2d8-4f91-8fd0-9d9188ba76bf", "name": "P+R Smalstraat (Helmond)", "municipality": "Helmond", "operator": "Nederlandse Spoorwegen", "street": "Smalstraat", "houseNumber": "2", "zipcode": "5701NX", "city": "Helmond", "province": "", "capacity": 100, "vacantSpaces": 84, "occupancyPercent": 16.0, "open": true, "full": false, "lastUpdated": 1785532087, "minimumHeightInMeters": 0.0, "chargingPointCapacity": 0, "disabledAccess": false, "usage": "P+R"}}, {"type": "Feature", "geometry": {"type": "Point", "coordinates": [5.99458, 51.19466]}, "properties": {"uuid": "27b012c7-0ae9-4607-99ba-c7ee3c2b21fe", "name": "P+R Godsweerdersingel (Roermond)", "municipality": "Roermond", "operator": "Nederlandse Spoorwegen", "street": "Godsweerderssingel", "houseNumber": "0", "zipcode": "6041GJ", "city": "Roermond", "province": "", "capacity": 83, "vacantSpaces": 87, "occupancyPercent": -4.8, "open": true, "full": false, "lastUpdated": 1785532156, "minimumHeightInMeters": 0.0, "chargingPointCapacity": 0, "disabledAccess": false, "usage": "P+R"}}, {"type": "Feature", "geometry": {"type": "Point", "coordinates": [4.34398, 52.07847]}, "properties": {"uuid": "fc687c9c-c03d-42f3-ad4c-2d9734121a38", "name": "P+R Laan v NOI (Den Haag)", "municipality": "Den Haag", "operator": "Nederlandse Spoorwegen", "street": "Van Alphenstraat", "houseNumber": "102", "zipcode": "2274NE", "city": "Den Haag", "province": "", "capacity": 129, "vacantSpaces": 112, "occupancyPercent": 13.2, "open": true, "full": false, "lastUpdated": 1785531813, "minimumHeightInMeters": 0.0, "chargingPointCapacity": 0, "disabledAccess": false, "usage": "P+R"}}, {"type": "Feature", "geometry": {"type": "Point", "coordinates": [4.777855, 51.596259]}, "properties": {"uuid": "d5565e93-2f9f-4074-8548-e631b72bae66", "name": "P+R Station (Breda)", "municipality": "Breda", "operator": "Nederlandse Spoorwegen", "street": "Stationslaan", "houseNumber": "0", "zipcode": "4811BN", "city": "Breda", "province": "", "capacity": 550, "vacantSpaces": 562, "occupancyPercent": -2.2, "open": true, "full": false, "lastUpdated": 1785532171, "minimumHeightInMeters": 2.1, "chargingPointCapacity": 0, "disabledAccess": false, "usage": "P+R"}}, {"type": "Feature", "geometry": {"type": "Point", "coordinates": [4.890934, 52.082613]}, "properties": {"uuid": "0b6cd5b5-8a48-4e69-a38e-6e38c12cb9a7", "name": "P+R Houttuinlaan 3 parking (Woerden)", "municipality": "Woerden", "operator": "Nederlandse Spoorwegen", "street": "Houttuinlaan", "houseNumber": "0", "zipcode": "3447GN", "city": "Woerden", "province": "", "capacity": 245, "vacantSpaces": 240, "occupancyPercent": 2.0, "open": true, "full": false, "lastUpdated": 1747293594, "minimumHeightInMeters": 0.0, "chargingPointCapacity": 0, "disabledAccess": false, "usage": "P+R"}}, {"type": "Feature", "geometry": {"type": "Point", "coordinates": [5.0544, 52.646131]}, "properties": {"uuid": "1c1f3c0a-8c0c-4ac9-b4ce-8ae7000aae9f", "name": "Parkeerterrein Transferium (Hoorn)", "municipality": "Hoorn", "operator": "Hoorn", "street": "van Dedemstraat", "houseNumber": "9", "zipcode": "1624NN", "city": "Hoorn", "province": "", "capacity": 609, "vacantSpaces": 570, "occupancyPercent": 6.4, "open": true, "full": false, "lastUpdated": 1785532290, "minimumHeightInMeters": 0.0, "chargingPointCapacity": 0, "disabledAccess": false, "usage": "Terreinparkeren"}}, {"type": "Feature", "geometry": {"type": "Point", "coordinates": [5.065308, 52.644103]}, "properties": {"uuid": "03243fd9-f789-49db-94a4-b9eecfdee737", "name": "Parkeerterrein Johan Messchaertstraat RAC locatie (Hoorn)", "municipality": "Hoorn", "operator": "Hoorn", "street": "J.D. Pollstraat", "houseNumber": "1", "zipcode": "1623LN", "city": "Hoorn", "province": "", "capacity": 87, "vacantSpaces": 87, "occupancyPercent": 0.0, "open": true, "full": false, "lastUpdated": 1785532290, "minimumHeightInMeters": 0.0, "chargingPointCapacity": 0, "disabledAccess": false, "usage": "Terreinparkeren"}}, {"type": "Feature", "geometry": {"type": "Point", "coordinates": [6.411232, 52.161736]}, "properties": {"uuid": "ddf76a3f-a13d-492f-8dd2-374a52c1a506", "name": "Mauritsweg (Lochem)", "municipality": "Lochem", "operator": "Lochem", "street": "Mauritsweg", "houseNumber": "15", "zipcode": "7241BN", "city": "Lochem", "province": "", "capacity": 200, "vacantSpaces": 13, "occupancyPercent": 93.5, "open": true, "full": false, "lastUpdated": 1785532260, "minimumHeightInMeters": 0.0, "chargingPointCapacity": 0, "disabledAccess": false, "usage": "Terreinparkeren"}}, {"type": "Feature", "geometry": {"type": "Point", "coordinates": [4.916547, 52.377647]}, "properties": {"uuid": "3bc514f1-bce7-4a42-b83f-e189e7b34056", "name": "Parkeergarage PTA/TTA Touringcars (Amsterdam)", "municipality": "Amsterdam", "operator": "Amsterdam", "street": "Piet Heinkade", "houseNumber": "27", "zipcode": "1019BR", "city": "Amsterdam", "province": "", "capacity": 42, "vacantSpaces": 42, "occupancyPercent": 0.0, "open": true, "full": false, "lastUpdated": 1785532321, "minimumHeightInMeters": 4.0, "chargingPointCapacity": 0, "disabledAccess": false, "usage": "Garage parkeren"}}, {"type": "Feature", "geometry": {"type": "Point", "coordinates": [4.857956, 52.333576]}, "properties": {"uuid": "bbd15dc0-b00a-47ca-bbda-799883106891", "name": "Parkeergarage P1 VUmc Westflank (Amsterdam)", "municipality": "Amsterdam", "operator": "Amsterdam", "street": "Amstelveenseweg", "houseNumber": "587", "zipcode": "1081JC", "city": "Amsterdam", "province": "", "capacity": 411, "vacantSpaces": 308, "occupancyPercent": 25.1, "open": true, "full": false, "lastUpdated": 1785532327, "minimumHeightInMeters": 2.0, "chargingPointCapacity": 9, "disabledAccess": false, "usage": "Garage parkeren"}}, {"type": "Feature", "geometry": {"type": "Point", "coordinates": [4.863144, 52.333791]}, "properties": {"uuid": "790997a0-7f72-4b8d-8f20-5272092a4caa", "name": "Parkeergarage P3 VU Campus (Amsterdam)", "municipality": "Amsterdam", "operator": "Amsterdam", "street": "Van der Boechorststraat", "houseNumber": "5", "zipcode": "1081BT", "city": "Amsterdam", "province": "", "capacity": 616, "vacantSpaces": 608, "occupancyPercent": 1.3, "open": true, "full": false, "lastUpdated": 1785532327, "minimumHeightInMeters": 2.1, "chargingPointCapacity": 25, "disabledAccess": false, "usage": "Garage parkeren"}}, {"type": "Feature", "geometry": {"type": "Point", "coordinates": [4.87785, 52.37836]}, "properties": {"uuid": "74a6b9e5-dad6-4c18-a26e-7073d12c92a0", "name": "Garage Singelgracht (Marnix)", "municipality": "Amsterdam", "operator": "Amsterdam", "street": "Frederik Hendrikplantsoen", "houseNumber": "25", "zipcode": "1015ZN", "city": "Amsterdam", "province": "Noord-Holland", "capacity": 800, "vacantSpaces": 17, "occupancyPercent": 97.9, "open": true, "full": false, "lastUpdated": 1785532066, "minimumHeightInMeters": 0.0, "chargingPointCapacity": 0, "disabledAccess": false, "usage": "Garage parkeren"}}, {"type": "Feature", "geometry": {"type": "Point", "coordinates": [4.961787, 52.371217]}, "properties": {"uuid": "004b57f3-8185-41f7-b534-91d0bfc8c023", "name": "P+R Zeeburg 1", "municipality": "Amsterdam", "operator": "Amsterdam", "street": "Zuiderzeeweg", "houseNumber": "46", "zipcode": "1095KJ", "city": "Amsterdam", "province": "Noord-Holland", "capacity": null, "vacantSpaces": 0, "occupancyPercent": null, "open": true, "full": true, "lastUpdated": 1762342675, "minimumHeightInMeters": null, "chargingPointCapacity": 0, "disabledAccess": false, "usage": "Garage parkeren"}}, {"type": "Feature", "geometry": {"type": "Point", "coordinates": [4.964276, 52.370679]}, "properties": {"uuid": "19e877b8-c9ce-49a9-a754-a797acacf661", "name": "P+R Zeeburg 2", "municipality": "Amsterdam", "operator": "Amsterdam", "street": "Zuiderzeeweg", "houseNumber": "8", "zipcode": "1095KG", "city": "Amsterdam", "province": "Noord-Holland", "capacity": 163, "vacantSpaces": 7, "occupancyPercent": 95.7, "open": true, "full": false, "lastUpdated": 1785532328, "minimumHeightInMeters": null, "chargingPointCapacity": 0, "disabledAccess": false, "usage": "Garage parkeren"}}, {"type": "Feature", "geometry": {"type": "Point", "coordinates": [4.321658, 52.079996]}, "properties": {"uuid": "ca495787-8e55-4c7d-933b-c3192b40ddb8", "name": "Garage Helicon (Den Haag)", "municipality": "Den Haag", "operator": "'s-Gravenhage", "street": "Zwarteweg", "houseNumber": "40", "zipcode": "2511VS", "city": "Den Haag", "province": "", "capacity": 146, "vacantSpaces": 109, "occupancyPercent": 25.3, "open": true, "full": false, "lastUpdated": 1785531854, "minimumHeightInMeters": 2.0, "chargingPointCapacity": 0, "disabledAccess": false, "usage": "Garage parkeren"}}, {"type": "Feature", "geometry": {"type": "Point", "coordinates": [4.46108661, 51.54766866]}, "properties": {"uuid": "2cee7c34-27db-46ec-b339-f71f1aa82922", "name": "Truckparking Borchwerf", "municipality": "Roosendaal", "operator": "Roosendaal", "street": "", "houseNumber": "", "zipcode": "", "city": "", "province": "", "capacity": 44, "vacantSpaces": 12, "occupancyPercent": 72.7, "open": true, "full": false, "lastUpdated": 1785532291, "minimumHeightInMeters": 4.5, "chargingPointCapacity": 2, "disabledAccess": true, "usage": "Garage parkeren"}}, {"type": "Feature", "geometry": {"type": "Point", "coordinates": [4.32153612, 52.07830825]}, "properties": {"uuid": "53773841-88d1-4087-81a0-e27d07582ce7", "name": "Garage Stadhuis (Den Haag)", "municipality": "Den Haag", "operator": "'s-Gravenhage", "street": "Schedeldoekshaven", "houseNumber": "90", "zipcode": "2511BT", "city": "Den Haag", "province": "", "capacity": 282, "vacantSpaces": 263, "occupancyPercent": 6.7, "open": true, "full": false, "lastUpdated": 1785532010, "minimumHeightInMeters": 1.9, "chargingPointCapacity": 0, "disabledAccess": false, "usage": "Garage parkeren"}}, {"type": "Feature", "geometry": {"type": "Point", "coordinates": [4.375951, 52.001735]}, "properties": {"uuid": "88c052cc-28e4-4098-900c-542756b82046", "name": "P1 - Parkeerterrein Aula", "municipality": "Delft", "operator": "TU Delft", "street": "van der Waalsweg", "houseNumber": "1", "zipcode": "2628CH", "city": "Delft", "province": "", "capacity": 502, "vacantSpaces": 420, "occupancyPercent": 16.3, "open": true, "full": false, "lastUpdated": 1785532247, "minimumHeightInMeters": 0.0, "chargingPointCapacity": 0, "disabledAccess": false, "usage": "Parkeren"}}, {"type": "Feature", "geometry": {"type": "Point", "coordinates": [4.379576, 51.996769]}, "properties": {"uuid": "f8120569-3a11-4a63-9c7d-12cd7eaeafe0", "name": "P2 - Parkeergarage/terrein Sports", "municipality": "Delft", "operator": "TU Delft", "street": "van den Broekweg", "houseNumber": "1", "zipcode": "2628CR", "city": "Delft", "province": "", "capacity": 705, "vacantSpaces": 624, "occupancyPercent": 11.5, "open": true, "full": false, "lastUpdated": 1785531730, "minimumHeightInMeters": 0.0, "chargingPointCapacity": 0, "disabledAccess": false, "usage": "Parkeren"}}, {"type": "Feature", "geometry": {"type": "Point", "coordinates": [4.379339, 51.988976]}, "properties": {"uuid": "0c60172a-8d27-4976-8aba-d92f6567d99b", "name": "P3 - Parkeergarage TNW-Zuid", "municipality": "Delft", "operator": "TU Delft", "street": "van der Maasweg", "houseNumber": "11", "zipcode": "2628CN", "city": "Delft", "province": "", "capacity": 268, "vacantSpaces": 261, "occupancyPercent": 2.6, "open": true, "full": false, "lastUpdated": 1785531730, "minimumHeightInMeters": 2.1, "chargingPointCapacity": 0, "disabledAccess": false, "usage": "Parkeren"}}, {"type": "Feature", "geometry": {"type": "Point", "coordinates": [4.375303, 51.989645]}, "properties": {"uuid": "fc170b99-df27-47b0-9352-899a8f846d41", "name": "P4 - Parkeerterrein L&R", "municipality": "Delft", "operator": "TU Delft", "street": "Kluyverweg", "houseNumber": "1", "zipcode": "2629HS", "city": "Delft", "province": "", "capacity": 121, "vacantSpaces": 109, "occupancyPercent": 9.9, "open": true, "full": false, "lastUpdated": 1785531731, "minimumHeightInMeters": 0.0, "chargingPointCapacity": 0, "disabledAccess": false, "usage": "Parkeren"}}, {"type": "Feature", "geometry": {"type": "Point", "coordinates": [4.369464, 51.998611]}, "properties": {"uuid": "4331c3f8-f543-4ae4-be11-042e5ebaea33", "name": "P5 - Parkeergarage Rotterdamseweg", "municipality": "Delft", "operator": "TU Delft", "street": "Rotterdamseweg", "houseNumber": "145", "zipcode": "2628AL", "city": "Delft", "province": "", "capacity": 585, "vacantSpaces": 573, "occupancyPercent": 2.1, "open": true, "full": false, "lastUpdated": 1785531877, "minimumHeightInMeters": 2.1, "chargingPointCapacity": 0, "disabledAccess": false, "usage": "Parkeren"}}, {"type": "Feature", "geometry": {"type": "Point", "coordinates": [4.381531, 51.987972]}, "properties": {"uuid": "bf73b42f-8fb5-473f-87c0-169c7e171315", "name": "P7 - Parkeerterrein Heertjeslaan", "municipality": "Delft", "operator": "TU Delft", "street": "Heertjeslaan", "houseNumber": "9", "zipcode": "2629JG", "city": "Delft", "province": "", "capacity": 65, "vacantSpaces": 65, "occupancyPercent": 0.0, "open": true, "full": false, "lastUpdated": 1785531731, "minimumHeightInMeters": 0.0, "chargingPointCapacity": 0, "disabledAccess": false, "usage": "Parkeren"}}, {"type": "Feature", "geometry": {"type": "Point", "coordinates": [4.387741, 51.991934]}, "properties": {"uuid": "79f2c1f5-2f6c-4718-9d58-5aad0295bfd2", "name": "P8 - Parkeerterrein Molengraafsingel", "municipality": "Delft", "operator": "TU Delft", "street": "Molengraafsingel", "houseNumber": "12", "zipcode": "2629JD", "city": "Delft", "province": "", "capacity": 120, "vacantSpaces": 114, "occupancyPercent": 5.0, "open": true, "full": false, "lastUpdated": 1785531731, "minimumHeightInMeters": 0.0, "chargingPointCapacity": 0, "disabledAccess": false, "usage": "Parkeren"}}, {"type": "Feature", "geometry": {"type": "Point", "coordinates": [4.379863, 51.987889]}, "properties": {"uuid": "a13276fc-40da-40e2-9bd4-3c902884228a", "name": "P9 - Parkeerterrein Heertjeslaan 10", "municipality": "Delft", "operator": "TU Delft", "street": "Heertjeslaan", "houseNumber": "10", "zipcode": "2629JG", "city": "Delft", "province": "", "capacity": 65, "vacantSpaces": 62, "occupancyPercent": 4.6, "open": true, "full": false, "lastUpdated": 1785531732, "minimumHeightInMeters": 0.0, "chargingPointCapacity": 0, "disabledAccess": false, "usage": "Parkeren"}}, {"type": "Feature", "geometry": {"type": "Point", "coordinates": [5.96499845, 52.21381894]}, "properties": {"uuid": "cea4cffe-158c-4b08-b940-5d5eefeba089", "name": "APELDOORN-Beekstraat", "municipality": "Apeldoorn", "operator": "Q-Park Nederland BV", "street": "", "houseNumber": "", "zipcode": "", "city": "", "province": "", "capacity": 105, "vacantSpaces": 55, "occupancyPercent": 47.6, "open": true, "full": false, "lastUpdated": 1785532326, "minimumHeightInMeters": null, "chargingPointCapacity": 0, "disabledAccess": false, "usage": "Terreinparkeren"}}, {"type": "Feature", "geometry": {"type": "Point", "coordinates": [4.37382416, 52.06998448]}, "properties": {"uuid": "76b80f7c-2455-4eab-ba88-d4c2eaa1e7e8", "name": "DEN HAAG-Binck City Park", "municipality": "'s-Gravenhage", "operator": "Q-Park Nederland BV", "street": "", "houseNumber": "", "zipcode": "", "city": "", "province": "", "capacity": 230, "vacantSpaces": 175, "occupancyPercent": 23.9, "open": true, "full": false, "lastUpdated": 1785532315, "minimumHeightInMeters": null, "chargingPointCapacity": 0, "disabledAccess": false, "usage": "Garage parkeren"}}, {"type": "Feature", "geometry": {"type": "Point", "coordinates": [4.41626172, 51.95041953]}, "properties": {"uuid": "2b0c13a6-12c7-4ebf-9980-06ad0a2d0f6d", "name": "P1 Business Parking", "municipality": "Rotterdam", "operator": "Rotterdam The Hague Airport", "street": "", "houseNumber": "", "zipcode": "", "city": "", "province": "", "capacity": 159, "vacantSpaces": 49, "occupancyPercent": 69.2, "open": true, "full": false, "lastUpdated": 1785532324, "minimumHeightInMeters": null, "chargingPointCapacity": 0, "disabledAccess": false, "usage": "Terreinparkeren"}}, {"type": "Feature", "geometry": {"type": "Point", "coordinates": [4.41626172, 51.95041953]}, "properties": {"uuid": "10f854b4-14ef-4914-8069-76d7f7f6afb4", "name": "P2 Comfort Parking", "municipality": "Rotterdam", "operator": "Rotterdam The Hague Airport", "street": "", "houseNumber": "", "zipcode": "", "city": "", "province": "", "capacity": 258, "vacantSpaces": 49, "occupancyPercent": 81.0, "open": true, "full": false, "lastUpdated": 1785532312, "minimumHeightInMeters": null, "chargingPointCapacity": 0, "disabledAccess": false, "usage": "Terreinparkeren"}}, {"type": "Feature", "geometry": {"type": "Point", "coordinates": [4.48070248, 51.9149946]}, "properties": {"uuid": "6c81e5ad-4b7e-4061-84a5-1f9b8aa3d3c2", "name": "P4 Lang Parkeren", "municipality": "Rotterdam", "operator": "Rotterdam The Hague Airport", "street": "", "houseNumber": "", "zipcode": "", "city": "", "province": "", "capacity": 1144, "vacantSpaces": 237, "occupancyPercent": 79.3, "open": true, "full": false, "lastUpdated": 1785532310, "minimumHeightInMeters": null, "chargingPointCapacity": 0, "disabledAccess": false, "usage": "Terreinparkeren"}}, {"type": "Feature", "geometry": {"type": "Point", "coordinates": [4.48070248, 51.91499459]}, "properties": {"uuid": "824d62f3-b5b1-4d78-8b34-7c31ed197fc8", "name": "P5 Basic Parkeren", "municipality": "Rotterdam", "operator": "Rotterdam The Hague Airport", "street": "", "houseNumber": "", "zipcode": "", "city": "", "province": "", "capacity": 298, "vacantSpaces": 18, "occupancyPercent": 94.0, "open": true, "full": false, "lastUpdated": 1785532313, "minimumHeightInMeters": null, "chargingPointCapacity": 0, "disabledAccess": false, "usage": "Terreinparkeren"}}, {"type": "Feature", "geometry": {"type": "Point", "coordinates": [4.74659, 52.38653]}, "properties": {"uuid": "63811863-d897-4247-a726-efb29a24379d", "name": "P+R Halfweg-Zwanenburg Station (HWZB)", "municipality": "Haarlemmermeer", "operator": "Nederlandse Spoorwegen", "street": "Houtrakkerweg", "houseNumber": "14", "zipcode": "1165MX", "city": "HALFWEG", "province": "", "capacity": 137, "vacantSpaces": 115, "occupancyPercent": 16.1, "open": true, "full": false, "lastUpdated": 1785531971, "minimumHeightInMeters": 0.0, "chargingPointCapacity": 0, "disabledAccess": false, "usage": "P+R"}}]}